Fecha,Anno,Mes,Di­a,Trimestre,Semana_Anno,Dia_Semana
2020-01-01,2002,02,14,4,25,Monday
2020-01-02,1991,05,20,2,6,Saturday
2020-01-03,1993,06,31,1,28,Wednesday
2020-01-04,1979,08,08,3,7,Saturday
2020-01-05,2001,07,15,3,7,Tuesday
2020-01-06,2016,10,23,3,30,Monday
2020-01-07,1999,06,01,4,44,Wednesday
2020-01-08,2009,08,13,1,48,Thursday
2020-01-09,2002,02,11,1,39,Sunday
2020-01-10,2011,03,22,3,31,Saturday
2020-01-11,1977,06,25,3,46,Wednesday
2020-01-12,1988,03,08,2,44,Monday
2020-01-13,1981,01,01,4,40,Monday
2020-01-14,1993,07,10,3,42,Friday
2020-01-15,2010,03,05,1,35,Sunday
2020-01-16,1980,08,19,1,52,Sunday
2020-01-17,2011,04,07,1,32,Monday
2020-01-18,1971,05,03,3,36,Tuesday
2020-01-19,2006,09,21,2,12,Wednesday
2020-01-20,2009,10,09,1,40,Tuesday
2020-01-21,1988,11,03,1,18,Tuesday
2020-01-22,1973,07,19,2,31,Thursday
2020-01-23,1996,05,07,3,21,Saturday
2020-01-24,2022,08,15,3,36,Sunday
2020-01-25,2016,11,01,1,49,Monday
2020-01-26,1979,04,16,1,7,Saturday
2020-01-27,2014,09,07,3,36,Thursday
2020-01-28,1990,05,16,2,18,Wednesday
2020-01-29,1998,01,23,4,45,Wednesday
2020-01-30,2012,11,31,1,28,Friday
2020-01-31,2020,01,28,2,1,Thursday
2020-02-01,1994,06,26,2,15,Friday
2020-02-02,1990,02,13,1,5,Thursday
2020-02-03,1976,06,31,4,47,Sunday
2020-02-04,1983,07,31,4,43,Monday
2020-02-05,2012,02,20,4,14,Monday
2020-02-06,2017,05,30,3,31,Monday
2020-02-07,2018,05,01,3,34,Sunday
2020-02-08,1979,09,17,3,34,Saturday
2020-02-09,2011,03,02,2,50,Thursday
2020-02-10,2022,06,04,1,33,Saturday
2020-02-11,1982,03,30,1,37,Friday
2020-02-12,2014,02,18,4,31,Tuesday
2020-02-13,1983,08,19,3,21,Thursday
2020-02-14,2007,08,23,2,5,Monday
2020-02-15,1999,09,13,2,42,Thursday
2020-02-16,1981,01,21,4,3,Sunday
2020-02-17,1990,06,26,2,49,Tuesday
2020-02-18,1986,07,02,2,34,Wednesday
2020-02-19,2007,11,18,4,51,Thursday
2020-02-20,1984,01,19,1,10,Saturday
2020-02-21,2023,03,09,1,23,Tuesday
2020-02-22,1983,07,26,1,37,Saturday
2020-02-23,1985,04,07,3,37,Monday
2020-02-24,2007,01,30,2,26,Friday
2020-02-25,1999,08,14,4,45,Friday
2020-02-26,1991,09,19,1,33,Tuesday
2020-02-27,2000,09,22,2,14,Friday
2020-02-28,1978,11,05,1,40,Friday
2020-02-29,2004,07,08,3,3,Friday
2020-03-01,2020,04,25,3,6,Thursday
2020-03-02,2013,04,03,1,18,Saturday
2020-03-03,1989,07,16,4,52,Wednesday
2020-03-04,2023,04,09,4,9,Sunday
2020-03-05,2007,07,26,3,18,Wednesday
2020-03-06,1984,01,06,3,2,Tuesday
2020-03-07,1986,04,25,3,49,Saturday
2020-03-08,1988,01,26,2,27,Friday
2020-03-09,1987,07,04,1,14,Saturday
2020-03-10,1970,11,08,1,42,Friday
2020-03-11,1977,09,15,3,19,Monday
2020-03-12,2007,04,30,2,48,Friday
2020-03-13,2007,04,03,4,39,Monday
2020-03-14,2002,08,07,4,12,Thursday
2020-03-15,2012,03,09,4,29,Tuesday
2020-03-16,2001,06,01,1,15,Sunday
2020-03-17,2017,07,31,3,34,Monday
2020-03-18,1991,07,12,2,37,Tuesday
2020-03-19,2012,04,23,3,21,Saturday
2020-03-20,1970,07,04,3,14,Thursday
2020-03-21,1996,11,29,4,15,Monday
2020-03-22,2004,01,10,4,45,Saturday
2020-03-23,1974,05,11,4,21,Tuesday
2020-03-24,1978,07,11,1,35,Monday
2020-03-25,1980,05,03,3,19,Saturday
2020-03-26,1992,12,24,3,42,Wednesday
2020-03-27,2021,11,14,3,27,Friday
2020-03-28,1987,08,25,1,18,Friday
2020-03-29,1971,08,01,3,26,Tuesday
2020-03-30,2003,04,12,1,29,Monday
2020-03-31,1974,11,31,3,29,Monday
2020-04-01,1986,09,21,1,47,Friday
2020-04-02,1992,04,16,4,4,Monday
2020-04-03,1983,09,04,1,20,Tuesday
2020-04-04,1994,09,15,1,31,Monday
2020-04-05,1993,03,11,4,20,Sunday
2020-04-06,1976,05,16,1,22,Thursday
2020-04-07,1980,07,07,2,8,Monday
2020-04-08,1998,11,25,3,42,Thursday
2020-04-09,1990,04,15,2,6,Tuesday
2020-04-10,2010,03,22,3,35,Tuesday
2020-04-11,2013,08,05,2,9,Sunday
2020-04-12,2010,08,25,4,41,Sunday
2020-04-13,2005,01,27,3,13,Thursday
2020-04-14,1978,08,08,3,28,Tuesday
2020-04-15,1973,05,29,4,35,Tuesday
2020-04-16,1972,07,19,2,41,Tuesday
2020-04-17,2023,06,05,3,13,Thursday
2020-04-18,1970,03,01,1,23,Sunday
2020-04-19,2008,08,07,2,36,Saturday
2020-04-20,1998,02,17,4,46,Tuesday
2020-04-21,1987,07,27,3,3,Wednesday
2020-04-22,1980,01,28,1,25,Friday
2020-04-23,2023,04,25,1,2,Sunday
2020-04-24,1974,05,20,2,4,Thursday
2020-04-25,1976,10,25,1,49,Wednesday
2020-04-26,1994,07,21,4,29,Monday
2020-04-27,1971,06,21,4,44,Friday
2020-04-28,2009,05,27,2,43,Sunday
2020-04-29,2020,01,15,4,12,Monday
2020-04-30,2022,11,19,1,10,Monday
2020-05-01,1987,11,19,2,29,Saturday
2020-05-02,1989,06,21,1,34,Thursday
2020-05-03,1980,03,11,3,23,Sunday
2020-05-04,2015,08,25,2,28,Thursday
2020-05-05,2011,06,07,2,15,Wednesday
2020-05-06,1981,07,17,2,15,Saturday
2020-05-07,2020,10,14,1,27,Wednesday
2020-05-08,1997,05,19,3,37,Wednesday
2020-05-09,1976,12,02,2,18,Saturday
2020-05-10,2004,09,16,4,32,Tuesday
2020-05-11,1985,09,21,1,20,Monday
2020-05-12,1978,05,25,2,25,Friday
2020-05-13,1972,02,26,2,23,Tuesday
2020-05-14,1987,03,15,1,13,Wednesday
2020-05-15,1974,10,25,1,5,Friday
2020-05-16,1982,11,01,1,9,Monday
2020-05-17,2009,07,21,4,47,Thursday
2020-05-18,1983,01,10,3,4,Sunday
2020-05-19,1998,05,04,1,21,Sunday
2020-05-20,2004,11,16,3,12,Monday
2020-05-21,1972,03,03,3,8,Thursday
2020-05-22,1984,11,10,2,47,Friday
2020-05-23,1989,07,27,4,32,Friday
2020-05-24,1991,04,09,3,15,Thursday
2020-05-25,1997,02,17,1,21,Thursday
2020-05-26,2024,04,09,3,13,Saturday
2020-05-27,2023,06,01,3,48,Friday
2020-05-28,2014,09,16,4,28,Wednesday
2020-05-29,1982,08,19,4,38,Tuesday
2020-05-30,1983,05,11,3,28,Sunday
2020-05-31,2017,04,27,1,7,Tuesday
2020-06-01,1991,11,31,4,28,Tuesday
2020-06-02,1980,08,30,1,10,Saturday
2020-06-03,1977,02,06,2,43,Monday
2020-06-04,1990,12,12,2,13,Wednesday
2020-06-05,2006,04,14,2,21,Sunday
2020-06-06,1989,06,19,1,43,Sunday
2020-06-07,1981,04,05,3,41,Monday
2020-06-08,1980,06,11,3,16,Monday
2020-06-09,2013,04,26,4,1,Tuesday
2020-06-10,1983,04,30,3,5,Monday
2020-06-11,2003,07,27,1,39,Thursday
2020-06-12,2021,03,15,4,5,Saturday
2020-06-13,2012,10,03,1,20,Wednesday
2020-06-14,2010,10,02,3,28,Saturday
2020-06-15,1998,07,28,1,10,Thursday
2020-06-16,1977,01,21,4,51,Saturday
2020-06-17,1981,05,05,2,28,Monday
2020-06-18,1971,08,14,2,42,Thursday
2020-06-19,2015,11,10,2,18,Monday
2020-06-20,2023,05,14,1,2,Saturday
2020-06-21,1988,03,23,2,41,Thursday
2020-06-22,2006,03,15,3,27,Friday
2020-06-23,1981,10,13,2,37,Friday
2020-06-24,1971,02,14,2,17,Thursday
2020-06-25,2021,05,26,1,17,Monday
2020-06-26,2012,04,31,3,6,Tuesday
2020-06-27,2005,01,23,3,34,Wednesday
2020-06-28,2015,02,02,2,12,Wednesday
2020-06-29,1983,10,02,2,30,Saturday
2020-06-30,1982,08,04,1,24,Sunday
2020-07-01,1996,04,23,3,29,Monday
2020-07-02,1974,01,18,4,18,Wednesday
2020-07-03,2016,10,17,3,50,Wednesday
2020-07-04,1999,09,22,1,18,Thursday
2020-07-05,1980,05,05,1,41,Monday
2020-07-06,1996,02,11,1,25,Tuesday
2020-07-07,1984,01,27,2,4,Monday
2020-07-08,1992,11,29,1,42,Monday
2020-07-09,1998,07,09,4,15,Monday
2020-07-10,1981,05,06,4,40,Friday
2020-07-11,2021,04,07,2,19,Wednesday
2020-07-12,2020,05,27,2,1,Saturday
2020-07-13,1991,04,24,1,34,Wednesday
2020-07-14,2023,02,28,1,18,Monday
2020-07-15,1991,07,02,1,33,Sunday
2020-07-16,1971,01,21,3,19,Saturday
2020-07-17,2008,06,04,2,42,Friday
2020-07-18,2002,05,24,2,25,Friday
2020-07-19,1996,03,03,3,18,Saturday
2020-07-20,1999,01,29,4,44,Thursday
2020-07-21,2023,12,31,4,19,Wednesday
2020-07-22,2000,09,19,2,6,Tuesday
2020-07-23,2011,03,28,2,21,Sunday
2020-07-24,1981,04,23,3,45,Thursday
2020-07-25,1983,04,28,1,39,Wednesday
2020-07-26,2003,09,29,3,14,Sunday
2020-07-27,1989,03,12,2,52,Thursday
2020-07-28,2001,01,23,2,39,Monday
2020-07-29,2008,06,08,2,50,Thursday
2020-07-30,2008,10,06,1,20,Wednesday
2020-07-31,2012,04,26,4,19,Wednesday
2020-08-01,1988,04,21,2,40,Wednesday
2020-08-02,1987,07,11,2,34,Monday
2020-08-03,1999,04,17,2,4,Wednesday
2020-08-04,2012,03,25,4,32,Tuesday
2020-08-05,2018,07,01,1,2,Monday
2020-08-06,1978,05,26,1,10,Friday
2020-08-07,1978,03,14,3,27,Thursday
2020-08-08,1996,09,03,2,28,Saturday
2020-08-09,1978,05,23,4,33,Sunday
2020-08-10,2002,04,13,1,48,Saturday
2020-08-11,1977,01,20,4,28,Tuesday
2020-08-12,1985,05,13,2,16,Tuesday
2020-08-13,2022,09,21,3,22,Sunday
2020-08-14,1998,01,28,2,49,Thursday
2020-08-15,2022,09,07,1,9,Monday
2020-08-16,1994,01,06,1,15,Wednesday
2020-08-17,1992,02,02,4,37,Saturday
2020-08-18,2001,03,09,3,3,Wednesday
2020-08-19,2005,06,21,3,17,Saturday
2020-08-20,1991,08,11,3,17,Tuesday
2020-08-21,2005,09,15,2,10,Thursday
2020-08-22,1980,06,03,2,7,Thursday
2020-08-23,2023,02,14,1,38,Friday
2020-08-24,1979,07,10,2,33,Saturday
2020-08-25,2012,06,16,3,19,Sunday
2020-08-26,1999,03,22,2,40,Friday
2020-08-27,1980,09,09,3,23,Tuesday
2020-08-28,2006,05,30,4,8,Friday
2020-08-29,2024,12,24,2,6,Monday
2020-08-30,1997,08,07,2,22,Sunday
2020-08-31,1983,10,27,2,43,Tuesday
2020-09-01,1986,02,09,4,7,Saturday
2020-09-02,2014,09,18,3,19,Saturday
2020-09-03,2001,11,26,1,20,Monday
2020-09-04,1972,06,24,1,44,Saturday
2020-09-05,2005,01,09,3,21,Monday
2020-09-06,1992,12,29,2,6,Friday
2020-09-07,1996,12,06,2,17,Saturday
2020-09-08,2021,05,25,3,42,Tuesday
2020-09-09,2016,11,12,1,38,Wednesday
2020-09-10,1980,04,28,4,49,Saturday
2020-09-11,2015,12,04,3,39,Friday
2020-09-12,2017,03,08,4,52,Friday
2020-09-13,1990,06,29,4,37,Sunday
2020-09-14,2014,02,30,1,20,Saturday
2020-09-15,1987,08,14,4,26,Saturday
2020-09-16,2017,02,05,3,2,Monday
2020-09-17,2006,05,13,2,20,Monday
2020-09-18,2008,09,16,3,46,Thursday
2020-09-19,1974,10,31,1,10,Wednesday
2020-09-20,2003,01,04,3,7,Monday
2020-09-21,2012,03,27,4,13,Friday
2020-09-22,2000,10,15,2,14,Friday
2020-09-23,2015,03,08,1,26,Sunday
2020-09-24,1991,11,09,4,37,Thursday
2020-09-25,2002,06,16,2,40,Thursday
2020-09-26,1980,10,13,1,45,Thursday
2020-09-27,1973,08,14,2,3,Tuesday
2020-09-28,1981,12,18,3,7,Sunday
2020-09-29,2019,02,31,4,26,Wednesday
2020-09-30,1979,09,11,4,47,Tuesday
2020-10-01,2024,05,09,3,9,Wednesday
2020-10-02,1986,12,17,3,10,Sunday
2020-10-03,1998,09,19,2,47,Tuesday
2020-10-04,1997,05,07,2,50,Thursday
2020-10-05,2008,11,17,3,16,Thursday
2020-10-06,1986,07,31,4,37,Saturday
2020-10-07,2011,09,22,3,18,Saturday
2020-10-08,1982,02,14,4,17,Monday
2020-10-09,1976,12,12,3,6,Sunday
2020-10-10,2023,11,18,4,38,Saturday
2020-10-11,2008,07,14,3,38,Friday
2020-10-12,2012,08,07,1,40,Friday
2020-10-13,1983,01,31,1,42,Wednesday
2020-10-14,2003,10,25,2,18,Wednesday
2020-10-15,1998,10,16,1,13,Saturday
2020-10-16,1982,06,13,3,36,Tuesday
2020-10-17,2010,08,20,4,49,Friday
2020-10-18,2006,11,23,1,32,Wednesday
2020-10-19,1994,07,01,4,17,Wednesday
2020-10-20,1975,11,27,4,20,Saturday
2020-10-21,2011,02,18,1,11,Wednesday
2020-10-22,1999,07,16,4,38,Wednesday
2020-10-23,1974,06,19,4,19,Sunday
2020-10-24,2019,11,14,4,45,Wednesday
2020-10-25,2019,01,12,1,30,Tuesday
2020-10-26,1980,02,29,4,36,Monday
2020-10-27,1983,02,29,3,6,Sunday
2020-10-28,2012,09,05,2,7,Friday
2020-10-29,2002,11,17,2,48,Tuesday
2020-10-30,2008,09,10,4,3,Wednesday
2020-10-31,1991,06,04,2,19,Sunday
2020-11-01,1982,11,02,4,8,Tuesday
2020-11-02,1972,12,03,1,29,Saturday
2020-11-03,2001,05,09,3,42,Tuesday
2020-11-04,1987,12,19,3,27,Thursday
2020-11-05,1983,12,30,2,2,Friday
2020-11-06,2020,10,28,4,3,Wednesday
2020-11-07,1973,12,22,1,29,Sunday
2020-11-08,2019,05,21,2,39,Thursday
2020-11-09,1983,04,18,4,50,Tuesday
2020-11-10,2006,06,19,3,48,Wednesday
2020-11-11,2008,08,01,3,29,Saturday
2020-11-12,1982,08,28,3,44,Monday
2020-11-13,2004,03,01,4,38,Friday
2020-11-14,1999,07,25,1,21,Friday
2020-11-15,2011,02,04,4,37,Wednesday
2020-11-16,1990,05,08,3,22,Wednesday
2020-11-17,1973,07,13,3,23,Sunday
2020-11-18,1989,08,08,4,28,Tuesday
2020-11-19,1998,08,21,1,27,Sunday
2020-11-20,1978,02,02,4,3,Sunday
2020-11-21,1977,08,02,2,17,Wednesday
2020-11-22,2020,03,15,3,16,Sunday
2020-11-23,2009,08,29,3,35,Friday
2020-11-24,1982,07,30,3,15,Monday
2020-11-25,2017,01,27,3,47,Thursday
2020-11-26,1993,08,18,3,35,Monday
2020-11-27,1991,06,27,4,1,Monday
2020-11-28,2003,07,28,3,21,Thursday
2020-11-29,1984,11,25,1,36,Thursday
2020-11-30,1987,08,09,2,23,Wednesday
2020-12-01,2018,02,13,1,43,Friday
2020-12-02,1971,09,02,1,29,Friday
2020-12-03,2008,03,22,1,36,Wednesday
2020-12-04,2014,07,01,1,3,Monday
2020-12-05,2017,12,15,1,33,Tuesday
2020-12-06,1997,12,22,1,26,Tuesday
2020-12-07,2015,12,09,1,5,Monday
2020-12-08,2008,07,08,3,22,Wednesday
2020-12-09,2001,10,21,4,10,Saturday
2020-12-10,1987,07,27,3,46,Saturday
2020-12-11,1986,08,26,2,26,Sunday
2020-12-12,2002,03,13,1,15,Wednesday
2020-12-13,2006,10,03,3,10,Friday
2020-12-14,1998,07,13,2,26,Thursday
2020-12-15,2020,07,07,1,30,Thursday
2020-12-16,2001,01,09,4,15,Tuesday
2020-12-17,2012,11,19,2,24,Wednesday
2020-12-18,1985,07,25,1,40,Tuesday
2020-12-19,1971,10,14,1,30,Sunday
2020-12-20,2000,05,14,3,30,Wednesday
2020-12-21,1977,12,17,3,5,Sunday
2020-12-22,1977,08,02,1,36,Thursday
2020-12-23,1993,07,24,1,29,Wednesday
2020-12-24,1973,04,31,2,28,Saturday
2020-12-25,1985,07,11,4,36,Monday
2020-12-26,1973,01,16,1,44,Thursday
2020-12-27,1976,09,22,2,29,Thursday
2020-12-28,1992,01,10,1,31,Wednesday
2020-12-29,1983,11,15,4,29,Saturday
2020-12-30,2010,03,23,4,36,Saturday
2020-12-31,1997,10,01,2,3,Monday
2021-01-01,1980,04,07,4,10,Wednesday
2021-01-02,1984,07,23,1,47,Friday
2021-01-03,2014,01,01,3,2,Monday
2021-01-04,1973,05,28,4,12,Tuesday
2021-01-05,2003,12,17,2,13,Friday
2021-01-06,2022,11,28,2,9,Tuesday
2021-01-07,1992,07,21,4,34,Thursday
2021-01-08,1998,04,14,3,7,Monday
2021-01-09,1976,01,19,3,18,Friday
2021-01-10,1970,05,27,1,45,Thursday
2021-01-11,2022,06,04,1,41,Saturday
2021-01-12,2019,06,13,1,22,Tuesday
2021-01-13,1974,02,20,2,36,Tuesday
2021-01-14,2006,05,19,3,23,Monday
2021-01-15,2023,12,31,2,17,Saturday
2021-01-16,1991,05,03,4,42,Wednesday
2021-01-17,1989,06,13,4,41,Wednesday
2021-01-18,1999,04,05,4,14,Friday
2021-01-19,2021,12,05,1,19,Wednesday
2021-01-20,2007,06,20,1,34,Friday
2021-01-21,2002,02,24,1,29,Tuesday
2021-01-22,1997,01,14,1,1,Tuesday
2021-01-23,2009,11,09,2,4,Saturday
2021-01-24,1995,10,18,4,39,Monday
2021-01-25,1972,11,27,1,7,Tuesday
2021-01-26,1973,03,01,3,6,Tuesday
2021-01-27,1974,05,07,2,49,Monday
2021-01-28,1978,06,23,2,45,Tuesday
2021-01-29,1970,05,25,3,46,Wednesday
2021-01-30,2006,08,18,3,10,Thursday
2021-01-31,1974,08,16,1,5,Wednesday
2021-02-01,1987,08,03,2,13,Monday
2021-02-02,2020,12,28,2,11,Monday
2021-02-03,1998,09,15,3,50,Friday
2021-02-04,2023,11,28,4,52,Wednesday
2021-02-05,1998,08,21,3,49,Monday
2021-02-06,1979,06,04,4,19,Wednesday
2021-02-07,1983,02,14,1,11,Monday
2021-02-08,1997,07,23,1,16,Wednesday
2021-02-09,1993,01,30,4,28,Sunday
2021-02-10,2004,11,11,3,50,Sunday
2021-02-11,2003,11,08,3,16,Thursday
2021-02-12,2013,05,20,2,18,Saturday
2021-02-13,2016,09,05,3,41,Friday
2021-02-14,2012,12,05,3,23,Thursday
2021-02-15,2011,12,02,4,49,Sunday
2021-02-16,2009,08,22,2,2,Monday
2021-02-17,2015,08,23,4,15,Saturday
2021-02-18,1989,04,08,3,9,Saturday
2021-02-19,2016,06,12,1,43,Wednesday
2021-02-20,1976,07,20,1,47,Friday
2021-02-21,2019,09,24,1,35,Wednesday
2021-02-22,2004,10,30,1,8,Sunday
2021-02-23,1988,11,28,4,11,Sunday
2021-02-24,1984,07,15,1,2,Monday
2021-02-25,1973,03,11,2,30,Sunday
2021-02-26,1984,03,07,2,49,Wednesday
2021-02-27,1999,04,25,2,38,Thursday
2021-02-28,2022,07,02,2,11,Wednesday
2021-03-01,2018,12,29,4,33,Sunday
2021-03-02,1981,12,28,4,10,Friday
2021-03-03,1975,05,01,2,29,Tuesday
2021-03-04,2022,01,25,2,27,Monday
2021-03-05,1981,09,10,4,29,Thursday
2021-03-06,2013,12,25,1,47,Thursday
2021-03-07,1999,06,23,4,10,Friday
2021-03-08,1972,12,20,3,17,Saturday
2021-03-09,2019,08,27,4,11,Wednesday
2021-03-10,2004,07,14,3,32,Thursday
2021-03-11,2007,03,16,4,29,Sunday
2021-03-12,1971,08,17,2,33,Saturday
2021-03-13,1977,11,20,2,43,Tuesday
2021-03-14,1986,08,01,3,4,Saturday
2021-03-15,2012,08,23,3,41,Thursday
2021-03-16,2005,12,10,4,48,Saturday
2021-03-17,2014,12,31,2,36,Saturday
2021-03-18,2018,03,28,1,2,Friday
2021-03-19,1978,03,17,4,22,Wednesday
2021-03-20,1989,08,25,1,8,Friday
2021-03-21,1989,04,03,3,29,Friday
2021-03-22,2009,01,07,4,11,Tuesday
2021-03-23,2017,08,09,1,7,Friday
2021-03-24,1985,08,01,4,18,Saturday
2021-03-25,2014,06,08,4,40,Monday
2021-03-26,2022,12,30,3,46,Friday
2021-03-27,1994,12,27,1,40,Monday
2021-03-28,1976,02,07,1,35,Tuesday
2021-03-29,1992,02,30,1,5,Monday
2021-03-30,1975,06,19,2,52,Friday
2021-03-31,2024,09,25,1,32,Monday
2021-04-01,1995,12,11,1,48,Wednesday
2021-04-02,2023,04,13,4,12,Saturday
2021-04-03,2017,03,17,3,20,Tuesday
2021-04-04,1983,09,12,4,2,Friday
2021-04-05,1974,03,20,1,38,Tuesday
2021-04-06,1982,01,12,1,21,Sunday
2021-04-07,2014,05,11,2,32,Monday
2021-04-08,2022,08,11,2,34,Tuesday
2021-04-09,1978,09,28,1,26,Saturday
2021-04-10,2016,04,22,1,6,Monday
2021-04-11,2021,06,09,3,18,Wednesday
2021-04-12,1978,05,06,3,48,Tuesday
2021-04-13,1984,07,10,4,38,Wednesday
2021-04-14,1981,02,07,1,11,Thursday
2021-04-15,2023,06,04,4,13,Monday
2021-04-16,2007,03,15,4,50,Wednesday
2021-04-17,2008,07,26,3,22,Tuesday
2021-04-18,1999,06,15,3,32,Thursday
2021-04-19,1978,09,12,3,51,Saturday
2021-04-20,2014,11,01,1,27,Sunday
2021-04-21,1995,09,16,4,33,Tuesday
2021-04-22,1995,12,21,4,40,Thursday
2021-04-23,2010,12,18,4,7,Tuesday
2021-04-24,1996,11,20,4,20,Monday
2021-04-25,2010,11,26,2,29,Saturday
2021-04-26,2010,04,11,4,26,Tuesday
2021-04-27,2017,03,10,1,47,Wednesday
2021-04-28,2012,06,15,2,37,Saturday
2021-04-29,1987,12,10,3,8,Wednesday
2021-04-30,1989,07,17,4,34,Tuesday
2021-05-01,2011,12,08,4,49,Thursday
2021-05-02,2005,08,04,4,25,Thursday
2021-05-03,1971,02,14,4,31,Thursday
2021-05-04,2016,02,10,2,15,Thursday
2021-05-05,2016,06,15,3,36,Thursday
2021-05-06,1994,04,13,4,20,Wednesday
2021-05-07,1979,06,17,1,15,Tuesday
2021-05-08,1973,08,07,4,19,Friday
2021-05-09,2020,04,21,4,25,Saturday
2021-05-10,2024,07,07,4,36,Thursday
2021-05-11,1995,11,17,3,37,Monday
2021-05-12,1970,06,07,3,2,Saturday
2021-05-13,1991,11,29,2,6,Wednesday
2021-05-14,1982,06,31,4,3,Thursday
2021-05-15,1970,04,08,2,20,Saturday
2021-05-16,2008,09,11,4,20,Friday
2021-05-17,1979,03,24,2,26,Sunday
2021-05-18,1979,01,02,1,28,Friday
2021-05-19,1980,02,22,1,26,Friday
2021-05-20,1972,03,25,3,45,Tuesday
2021-05-21,1981,10,29,2,23,Thursday
2021-05-22,2016,04,26,4,45,Tuesday
2021-05-23,2007,12,10,2,52,Wednesday
2021-05-24,2014,04,06,4,18,Wednesday
2021-05-25,2011,07,20,1,46,Monday
2021-05-26,1989,09,04,2,30,Thursday
2021-05-27,2009,03,17,3,37,Saturday
2021-05-28,1975,03,30,2,46,Thursday
2021-05-29,2011,08,05,3,17,Sunday
2021-05-30,2024,08,14,4,45,Friday
2021-05-31,1983,08,08,4,15,Wednesday
2021-06-01,2010,11,15,1,29,Sunday
2021-06-02,1970,04,18,3,49,Thursday
2021-06-03,2013,03,05,1,36,Saturday
2021-06-04,2002,09,18,1,47,Saturday
2021-06-05,1992,09,08,1,43,Sunday
2021-06-06,2009,03,18,3,13,Tuesday
2021-06-07,1972,12,20,4,19,Monday
2021-06-08,1973,06,31,2,47,Monday
2021-06-09,2013,10,13,3,38,Monday
2021-06-10,1985,06,13,3,37,Sunday
2021-06-11,2012,11,20,2,16,Wednesday
2021-06-12,2014,07,13,4,10,Tuesday
2021-06-13,1998,03,13,4,44,Sunday
2021-06-14,1990,06,28,4,45,Tuesday
2021-06-15,1975,02,01,1,32,Monday
2021-06-16,1977,06,25,4,17,Friday
2021-06-17,1984,11,24,3,13,Monday
2021-06-18,1983,01,05,1,9,Monday
2021-06-19,1977,11,02,4,43,Wednesday
2021-06-20,1981,06,02,3,18,Monday
2021-06-21,2015,08,08,1,26,Wednesday
2021-06-22,1986,12,05,3,33,Tuesday
2021-06-23,2001,06,19,1,35,Friday
2021-06-24,1986,02,09,3,43,Friday
2021-06-25,1986,05,11,2,23,Friday
2021-06-26,1985,04,01,1,43,Sunday
2021-06-27,1988,11,25,3,16,Tuesday
2021-06-28,1993,07,05,1,4,Monday
2021-06-29,1971,07,21,1,13,Thursday
2021-06-30,2023,03,04,3,18,Monday
2021-07-01,1984,08,29,4,15,Sunday
2021-07-02,2002,10,26,4,48,Friday
2021-07-03,1971,05,01,3,11,Monday
2021-07-04,2008,12,20,2,26,Sunday
2021-07-05,1977,02,07,3,32,Tuesday
2021-07-06,1993,02,24,4,43,Tuesday
2021-07-07,1983,12,29,4,50,Monday
2021-07-08,2021,09,18,4,37,Tuesday
2021-07-09,1996,07,06,1,45,Thursday
2021-07-10,1990,03,19,3,26,Sunday
2021-07-11,2018,11,05,2,9,Thursday
2021-07-12,1989,09,21,4,10,Tuesday
2021-07-13,1979,12,02,3,39,Sunday
2021-07-14,2012,05,24,2,32,Sunday
2021-07-15,1979,07,21,3,15,Monday
2021-07-16,1970,04,16,2,11,Friday
2021-07-17,2019,03,25,3,40,Tuesday
2021-07-18,1984,08,09,2,21,Monday
2021-07-19,2002,12,01,3,27,Monday
2021-07-20,1971,02,05,3,37,Saturday
2021-07-21,2020,11,11,2,51,Wednesday
2021-07-22,1987,07,10,1,42,Tuesday
2021-07-23,2013,10,28,2,51,Sunday
2021-07-24,1997,02,06,2,28,Sunday
2021-07-25,1977,12,22,4,21,Saturday
2021-07-26,2001,09,05,3,22,Thursday
2021-07-27,1984,07,28,3,33,Thursday
2021-07-28,1991,08,20,2,1,Thursday
2021-07-29,1986,07,13,4,18,Tuesday
2021-07-30,1999,07,12,4,46,Thursday
2021-07-31,1970,05,18,4,49,Monday
2021-08-01,1992,10,30,4,44,Saturday
2021-08-02,1975,01,14,2,39,Saturday
2021-08-03,2005,09,09,4,33,Wednesday
2021-08-04,2000,09,21,4,29,Sunday
2021-08-05,1993,07,31,1,3,Wednesday
2021-08-06,2023,12,02,2,1,Monday
2021-08-07,1992,01,24,1,10,Sunday
2021-08-08,2018,09,21,1,15,Wednesday
2021-08-09,1988,04,23,2,2,Wednesday
2021-08-10,2010,01,22,2,40,Monday
2021-08-11,1976,04,18,2,25,Friday
2021-08-12,2017,11,11,2,11,Wednesday
2021-08-13,1977,12,07,2,46,Tuesday
2021-08-14,1980,11,07,2,51,Saturday
2021-08-15,1992,10,25,4,48,Monday
2021-08-16,2007,10,17,3,17,Sunday
2021-08-17,2008,02,16,2,8,Wednesday
2021-08-18,1999,11,22,3,14,Friday
2021-08-19,1985,04,06,2,13,Wednesday
2021-08-20,2004,05,25,1,30,Wednesday
2021-08-21,1976,09,17,1,40,Thursday
2021-08-22,2011,02,26,3,2,Wednesday
2021-08-23,1977,05,21,4,11,Monday
2021-08-24,1995,03,25,4,5,Saturday
2021-08-25,2011,09,24,2,22,Thursday
2021-08-26,2013,06,12,4,12,Wednesday
2021-08-27,1999,12,23,3,28,Sunday
2021-08-28,1989,12,10,4,29,Monday
2021-08-29,1983,02,16,4,40,Friday
2021-08-30,2005,09,19,4,49,Friday
2021-08-31,2004,09,22,2,4,Wednesday
2021-09-01,1975,03,24,4,13,Thursday
2021-09-02,1987,04,19,3,40,Saturday
2021-09-03,1997,07,07,1,34,Saturday
2021-09-04,1986,10,13,2,24,Tuesday
2021-09-05,1995,03,28,4,26,Sunday
2021-09-06,1973,09,29,1,6,Wednesday
2021-09-07,2000,05,24,1,27,Thursday
2021-09-08,2010,07,03,4,48,Monday
2021-09-09,1985,08,17,1,21,Saturday
2021-09-10,2000,04,16,4,40,Friday
2021-09-11,1984,09,10,2,49,Wednesday
2021-09-12,1986,03,24,2,24,Tuesday
2021-09-13,1987,08,14,1,16,Wednesday
2021-09-14,1970,12,21,2,33,Friday
2021-09-15,2023,05,04,3,9,Thursday
2021-09-16,1999,06,21,2,20,Friday
2021-09-17,2010,05,20,3,18,Friday
2021-09-18,2020,08,12,3,44,Saturday
2021-09-19,2024,02,02,4,43,Wednesday
2021-09-20,2004,03,26,3,30,Tuesday
2021-09-21,1994,08,07,3,25,Tuesday
2021-09-22,1979,12,17,2,11,Monday
2021-09-23,1986,04,24,4,45,Wednesday
2021-09-24,1975,05,14,4,21,Tuesday
2021-09-25,2000,12,10,3,44,Wednesday
2021-09-26,1997,07,12,2,1,Wednesday
2021-09-27,1998,07,01,2,29,Wednesday
2021-09-28,2020,01,25,4,11,Thursday
2021-09-29,2007,03,15,1,32,Monday
2021-09-30,1984,02,27,4,23,Tuesday
2021-10-01,2007,10,04,2,50,Tuesday
2021-10-02,1980,02,18,2,14,Sunday
2021-10-03,1982,11,14,4,12,Friday
2021-10-04,1999,06,24,4,34,Wednesday
2021-10-05,2016,09,11,3,17,Thursday
2021-10-06,1981,08,10,1,50,Monday
2021-10-07,2014,06,23,1,45,Wednesday
2021-10-08,1998,08,12,4,45,Wednesday
2021-10-09,1972,11,09,1,34,Wednesday
2021-10-10,2006,11,29,3,41,Thursday
2021-10-11,2009,06,12,3,17,Thursday
2021-10-12,1996,08,20,2,9,Friday
2021-10-13,1983,02,16,2,9,Tuesday
2021-10-14,2002,08,19,4,46,Monday
2021-10-15,1995,04,29,2,25,Monday
2021-10-16,2008,08,04,4,10,Tuesday
2021-10-17,1971,03,20,4,46,Friday
2021-10-18,2024,06,01,1,24,Monday
2021-10-19,2016,10,14,4,9,Friday
2021-10-20,2011,03,22,3,34,Tuesday
2021-10-21,1998,11,14,1,22,Tuesday
2021-10-22,1984,04,09,1,43,Thursday
2021-10-23,1989,03,06,2,28,Wednesday
2021-10-24,1978,02,18,2,1,Friday
2021-10-25,2021,04,06,1,11,Wednesday
2021-10-26,1999,07,15,2,22,Thursday
2021-10-27,1976,06,05,4,25,Monday
2021-10-28,1997,04,20,4,18,Sunday
2021-10-29,1971,07,01,3,41,Friday
2021-10-30,2023,11,26,2,36,Friday
2021-10-31,2000,09,13,1,13,Monday
2021-11-01,2023,09,08,4,36,Monday
2021-11-02,2007,03,20,1,38,Sunday
2021-11-03,2012,06,29,2,41,Thursday
2021-11-04,1983,05,28,3,45,Tuesday
2021-11-05,1986,04,25,3,9,Thursday
2021-11-06,1995,04,09,2,52,Friday
2021-11-07,2015,07,12,1,20,Sunday
2021-11-08,1977,07,14,4,45,Monday
2021-11-09,1993,02,20,4,33,Thursday
2021-11-10,2022,12,04,2,3,Friday
2021-11-11,2008,11,22,4,29,Friday
2021-11-12,2002,04,09,4,11,Saturday
2021-11-13,1982,12,27,2,4,Monday
2021-11-14,1994,12,29,1,41,Sunday
2021-11-15,2004,10,19,3,39,Saturday
2021-11-16,1974,06,16,3,20,Wednesday
2021-11-17,2004,03,26,3,20,Tuesday
2021-11-18,2001,03,27,4,48,Wednesday
2021-11-19,2020,03,08,4,44,Sunday
2021-11-20,1989,12,13,1,39,Sunday
2021-11-21,1988,09,11,2,35,Monday
2021-11-22,2006,09,25,2,30,Monday
2021-11-23,1976,02,24,4,16,Thursday
2021-11-24,1977,06,17,2,51,Sunday
2021-11-25,1990,05,07,2,5,Sunday
2021-11-26,1994,08,30,1,23,Thursday
2021-11-27,1994,02,16,4,1,Wednesday
2021-11-28,2017,03,14,3,30,Sunday
2021-11-29,2013,01,29,2,39,Tuesday
2021-11-30,2016,03,19,1,35,Wednesday
2021-12-01,1973,12,19,3,50,Sunday
2021-12-02,2020,05,15,1,37,Monday
2021-12-03,1992,04,05,3,36,Wednesday
2021-12-04,1973,05,11,2,4,Monday
2021-12-05,1994,09,03,2,33,Friday
2021-12-06,2008,04,22,4,4,Saturday
2021-12-07,1970,03,30,3,7,Tuesday
2021-12-08,1984,02,05,1,11,Tuesday
2021-12-09,2014,11,16,3,43,Thursday
2021-12-10,2010,02,13,3,5,Monday
2021-12-11,1970,03,02,4,16,Sunday
2021-12-12,2002,10,22,1,27,Sunday
2021-12-13,1989,08,17,4,41,Monday
2021-12-14,1977,08,30,1,21,Monday
2021-12-15,1983,11,19,3,35,Friday
2021-12-16,2016,06,05,2,39,Wednesday
2021-12-17,2015,08,27,2,13,Thursday
2021-12-18,1990,01,01,2,35,Sunday
2021-12-19,1984,07,06,1,20,Sunday
2021-12-20,2021,06,28,4,23,Sunday
2021-12-21,1994,06,14,1,52,Saturday
2021-12-22,1982,10,27,3,43,Wednesday
2021-12-23,2003,05,16,4,3,Sunday
2021-12-24,2005,03,13,1,6,Thursday
2021-12-25,2015,05,28,2,35,Monday
2021-12-26,2017,03,29,3,40,Saturday
2021-12-27,1970,12,16,4,3,Sunday
2021-12-28,1977,07,24,2,38,Friday
2021-12-29,1991,08,21,2,14,Sunday
2021-12-30,1991,02,20,2,32,Friday
2021-12-31,1990,05,19,2,33,Wednesday
2022-01-01,2019,11,29,2,49,Wednesday
2022-01-02,1981,01,23,4,11,Monday
2022-01-03,2000,10,03,2,52,Thursday
2022-01-04,2018,06,26,2,3,Friday
2022-01-05,2014,05,13,1,23,Saturday
2022-01-06,1986,11,04,2,47,Saturday
2022-01-07,1973,06,28,1,8,Tuesday
2022-01-08,2017,02,25,3,42,Monday
2022-01-09,2017,09,03,4,29,Thursday
2022-01-10,1992,09,16,2,46,Saturday
2022-01-11,2002,12,13,4,47,Sunday
2022-01-12,1986,05,21,2,1,Friday
2022-01-13,2022,12,12,1,27,Tuesday
2022-01-14,2020,05,21,1,37,Wednesday
2022-01-15,2000,01,21,4,10,Thursday
2022-01-16,1993,03,28,1,34,Monday
2022-01-17,2006,11,25,1,28,Monday
2022-01-18,2015,02,26,4,46,Tuesday
2022-01-19,1982,01,18,2,14,Saturday
2022-01-20,2001,06,10,3,41,Saturday
2022-01-21,1970,11,13,1,36,Friday
2022-01-22,2022,09,27,3,3,Thursday
2022-01-23,2001,05,29,4,48,Wednesday
2022-01-24,2003,05,26,4,37,Tuesday
2022-01-25,1991,11,22,1,7,Tuesday
2022-01-26,1971,09,30,2,9,Wednesday
2022-01-27,1978,03,12,3,17,Sunday
2022-01-28,2022,11,03,1,34,Sunday
2022-01-29,2018,10,07,1,2,Tuesday
2022-01-30,2005,02,09,4,6,Friday
2022-01-31,2014,12,18,2,23,Friday
2022-02-01,1999,07,11,3,30,Thursday
2022-02-02,2015,11,21,3,37,Friday
2022-02-03,1970,07,16,2,9,Friday
2022-02-04,2023,06,12,4,12,Thursday
2022-02-05,2018,09,03,3,24,Monday
2022-02-06,1996,05,05,3,36,Friday
2022-02-07,1991,01,30,2,43,Saturday
2022-02-08,1987,05,08,1,47,Thursday
2022-02-09,2000,11,23,4,10,Wednesday
2022-02-10,2012,05,30,3,10,Friday
2022-02-11,2010,08,08,4,1,Wednesday
2022-02-12,1982,07,25,2,31,Thursday
2022-02-13,1979,01,28,3,43,Saturday
2022-02-14,2008,04,26,2,2,Friday
2022-02-15,1973,07,07,4,40,Saturday
2022-02-16,1970,07,07,4,34,Saturday
2022-02-17,2005,12,10,3,7,Sunday
2022-02-18,2010,05,14,2,6,Wednesday
2022-02-19,1978,12,07,1,16,Thursday
2022-02-20,1988,12,07,4,26,Thursday
2022-02-21,2024,04,14,4,21,Friday
2022-02-22,1985,06,12,2,28,Tuesday
2022-02-23,1996,05,17,1,51,Tuesday
2022-02-24,1974,10,17,1,24,Thursday
2022-02-25,1997,11,06,4,18,Wednesday
2022-02-26,2015,09,30,2,23,Thursday
2022-02-27,2008,11,15,3,9,Saturday
2022-02-28,1996,10,08,1,8,Tuesday
2022-03-01,1971,07,25,3,36,Friday
2022-03-02,1974,08,26,4,30,Wednesday
2022-03-03,1994,09,04,3,44,Friday
2022-03-04,2009,06,30,3,42,Friday
2022-03-05,1972,07,26,1,26,Saturday
2022-03-06,1977,11,21,3,18,Saturday
2022-03-07,1999,04,16,1,2,Tuesday
2022-03-08,1983,05,21,4,3,Friday
2022-03-09,1971,06,25,3,18,Monday
2022-03-10,2001,06,18,4,12,Sunday
2022-03-11,2016,05,16,4,29,Wednesday
2022-03-12,1985,11,06,4,39,Thursday
2022-03-13,1981,11,28,3,50,Wednesday
2022-03-14,2003,06,27,4,11,Tuesday
2022-03-15,2013,04,04,4,24,Sunday
2022-03-16,2011,11,23,1,36,Sunday
2022-03-17,1971,12,25,2,28,Tuesday
2022-03-18,2003,12,26,1,9,Wednesday
2022-03-19,1979,03,28,4,49,Saturday
2022-03-20,1998,01,04,3,31,Wednesday
2022-03-21,2004,12,01,4,13,Monday
2022-03-22,1978,04,31,4,16,Wednesday
2022-03-23,2014,07,02,3,45,Sunday
2022-03-24,1984,11,28,3,45,Thursday
2022-03-25,1982,01,30,1,16,Sunday
2022-03-26,1985,02,04,4,40,Monday
2022-03-27,2017,07,22,4,39,Friday
2022-03-28,2018,10,23,3,45,Tuesday
2022-03-29,1985,08,10,1,18,Wednesday
2022-03-30,1976,05,30,3,27,Wednesday
2022-03-31,2012,05,29,2,10,Wednesday
2022-04-01,1996,04,18,4,11,Saturday
2022-04-02,1998,10,11,2,40,Tuesday
2022-04-03,2010,07,19,2,14,Wednesday
2022-04-04,1971,01,23,4,27,Monday
2022-04-05,2017,05,10,4,8,Wednesday
2022-04-06,1985,12,24,1,28,Sunday
2022-04-07,2015,12,17,2,10,Friday
2022-04-08,2007,07,29,1,5,Friday
2022-04-09,1983,12,23,1,30,Monday
2022-04-10,1977,05,27,3,32,Saturday
2022-04-11,1992,08,31,2,3,Monday
2022-04-12,2010,03,06,2,33,Tuesday
2022-04-13,1991,01,27,2,15,Tuesday
2022-04-14,2018,12,03,2,3,Monday
2022-04-15,1988,10,01,1,20,Wednesday
2022-04-16,1975,07,29,1,49,Monday
2022-04-17,1984,08,12,4,3,Wednesday
2022-04-18,1995,02,06,4,42,Sunday
2022-04-19,2021,07,07,2,22,Sunday
2022-04-20,2019,07,04,1,7,Friday
2022-04-21,2021,02,09,2,26,Saturday
2022-04-22,1981,07,19,2,15,Tuesday
2022-04-23,2024,08,27,3,52,Tuesday
2022-04-24,1973,02,06,2,38,Wednesday
2022-04-25,2002,10,15,4,14,Thursday
2022-04-26,2016,08,04,2,6,Wednesday
2022-04-27,1974,10,21,3,52,Sunday
2022-04-28,1973,06,02,3,10,Sunday
2022-04-29,1992,09,02,1,10,Sunday
2022-04-30,1980,01,11,3,18,Thursday
2022-05-01,1990,07,20,3,1,Wednesday
2022-05-02,2002,06,03,4,2,Thursday
2022-05-03,2004,12,05,3,18,Sunday
2022-05-04,1996,08,02,2,27,Saturday
2022-05-05,1982,07,28,2,20,Friday
2022-05-06,2010,02,15,3,13,Friday
2022-05-07,1998,12,25,2,44,Thursday
2022-05-08,2018,05,12,4,21,Tuesday
2022-05-09,1973,09,12,4,7,Tuesday
2022-05-10,1993,03,29,1,39,Tuesday
2022-05-11,1979,04,03,3,48,Saturday
2022-05-12,2018,03,21,2,5,Saturday
2022-05-13,2005,06,03,2,14,Tuesday
2022-05-14,2023,07,08,1,32,Monday
2022-05-15,2005,06,15,4,44,Saturday
2022-05-16,1996,06,29,1,1,Wednesday
2022-05-17,2021,12,16,1,1,Monday
2022-05-18,2005,05,06,3,6,Wednesday
2022-05-19,2020,03,21,2,51,Sunday
2022-05-20,2003,05,04,3,33,Friday
2022-05-21,1973,10,18,4,18,Saturday
2022-05-22,2017,12,24,1,37,Wednesday
2022-05-23,2009,01,08,3,40,Friday
2022-05-24,2008,10,30,1,27,Saturday
2022-05-25,2023,03,07,2,38,Tuesday
2022-05-26,2009,11,11,2,23,Sunday
2022-05-27,2014,04,23,3,40,Friday
2022-05-28,2017,04,10,4,25,Saturday
2022-05-29,1990,08,23,1,17,Sunday
2022-05-30,1980,09,18,1,48,Tuesday
2022-05-31,1991,08,06,3,34,Saturday
2022-06-01,1993,12,11,4,1,Thursday
2022-06-02,1973,04,04,2,22,Tuesday
2022-06-03,1977,01,21,4,18,Sunday
2022-06-04,2000,03,20,1,21,Thursday
2022-06-05,1982,09,13,3,15,Thursday
2022-06-06,2009,11,31,4,39,Tuesday
2022-06-07,1994,12,25,3,47,Saturday
2022-06-08,2000,08,27,3,38,Saturday
2022-06-09,1987,11,23,4,10,Wednesday
2022-06-10,1988,03,02,1,39,Sunday
2022-06-11,1994,03,28,4,36,Wednesday
2022-06-12,2022,02,07,2,37,Sunday
2022-06-13,2012,12,13,2,52,Friday
2022-06-14,1986,04,25,2,35,Tuesday
2022-06-15,1991,03,22,1,28,Wednesday
2022-06-16,2019,08,20,2,37,Monday
2022-06-17,2012,05,10,1,25,Friday
2022-06-18,2000,06,06,3,52,Monday
2022-06-19,1987,07,01,4,51,Thursday
2022-06-20,1973,04,25,4,31,Thursday
2022-06-21,1981,02,17,2,17,Monday
2022-06-22,1970,02,18,3,30,Wednesday
2022-06-23,2001,05,09,2,21,Thursday
2022-06-24,1980,12,29,2,6,Tuesday
2022-06-25,2013,09,28,1,43,Wednesday
2022-06-26,1973,11,09,4,41,Friday
2022-06-27,2013,03,12,1,8,Wednesday
2022-06-28,1977,08,17,3,11,Sunday
2022-06-29,2003,05,17,3,26,Saturday
2022-06-30,2007,09,29,4,29,Monday
2022-07-01,1984,12,15,1,12,Thursday
2022-07-02,1983,09,10,1,22,Monday
2022-07-03,2023,06,18,3,36,Thursday
2022-07-04,2019,10,25,2,44,Thursday
2022-07-05,1977,09,26,3,43,Tuesday
2022-07-06,1993,10,10,4,12,Monday
2022-07-07,1976,09,23,1,10,Thursday
2022-07-08,1994,01,21,1,51,Thursday
2022-07-09,1990,01,28,4,1,Wednesday
2022-07-10,2004,08,12,3,52,Tuesday
2022-07-11,2015,04,02,2,29,Tuesday
2022-07-12,1982,11,20,3,12,Tuesday
2022-07-13,2024,06,04,1,28,Saturday
2022-07-14,1987,10,19,4,9,Sunday
2022-07-15,2009,05,25,4,38,Thursday
2022-07-16,2017,06,31,2,3,Friday
2022-07-17,1988,12,09,2,1,Friday
2022-07-18,1995,09,30,3,22,Monday
2022-07-19,1991,04,28,2,6,Monday
2022-07-20,1975,01,09,2,33,Sunday
2022-07-21,1978,04,06,1,27,Friday
2022-07-22,1991,10,02,3,10,Tuesday
2022-07-23,1971,09,24,4,21,Friday
2022-07-24,1999,05,20,4,18,Thursday
2022-07-25,2006,03,23,1,32,Tuesday
2022-07-26,1992,06,25,2,36,Sunday
2022-07-27,1979,01,17,1,15,Saturday
2022-07-28,2009,12,20,4,49,Thursday
2022-07-29,1986,09,17,3,6,Wednesday
2022-07-30,2015,08,27,4,41,Monday
2022-07-31,1974,05,16,1,4,Thursday
2022-08-01,1993,12,25,2,22,Thursday
2022-08-02,2017,08,13,4,37,Friday
2022-08-03,2012,04,07,4,37,Saturday
2022-08-04,1985,01,22,2,32,Tuesday
2022-08-05,1970,12,16,2,30,Friday
2022-08-06,1985,01,03,4,49,Sunday
2022-08-07,2003,08,13,1,44,Thursday
2022-08-08,1998,05,11,1,2,Sunday
2022-08-09,1995,04,24,1,17,Saturday
2022-08-10,2007,04,07,2,34,Friday
2022-08-11,1989,08,26,3,45,Tuesday
2022-08-12,1976,08,11,3,22,Friday
2022-08-13,1986,07,02,3,30,Thursday
2022-08-14,1976,11,07,2,29,Monday
2022-08-15,2019,06,18,4,43,Thursday
2022-08-16,2006,11,02,3,16,Thursday
2022-08-17,2021,09,27,2,48,Saturday
2022-08-18,2007,01,18,4,21,Thursday
2022-08-19,1989,02,22,3,49,Saturday
2022-08-20,1989,05,07,4,29,Tuesday
2022-08-21,2000,10,06,4,27,Saturday
2022-08-22,1979,08,23,4,15,Thursday
2022-08-23,2019,06,12,4,46,Friday
2022-08-24,1984,10,20,3,16,Wednesday
2022-08-25,2001,04,30,2,5,Monday
2022-08-26,1984,11,09,1,4,Tuesday
2022-08-27,2019,07,03,4,43,Sunday
2022-08-28,1981,11,03,2,23,Wednesday
2022-08-29,2016,08,17,2,21,Tuesday
2022-08-30,2004,11,28,2,28,Sunday
2022-08-31,1991,03,11,3,36,Wednesday
2022-09-01,2017,08,07,4,8,Wednesday
2022-09-02,1995,07,10,1,52,Wednesday
2022-09-03,1974,08,20,3,17,Sunday
2022-09-04,1986,07,27,4,33,Monday
2022-09-05,2003,04,26,4,28,Tuesday
2022-09-06,2018,01,08,1,38,Wednesday
2022-09-07,1985,01,15,4,16,Wednesday
2022-09-08,1971,08,11,2,29,Sunday
2022-09-09,2024,09,01,4,12,Sunday
2022-09-10,2010,05,05,4,23,Saturday
2022-09-11,2024,07,11,1,51,Tuesday
2022-09-12,2011,09,29,3,52,Saturday
2022-09-13,1995,11,16,2,35,Wednesday
2022-09-14,2012,10,18,2,19,Tuesday
2022-09-15,1997,09,23,3,47,Tuesday
2022-09-16,2009,08,18,1,2,Monday
2022-09-17,1973,11,20,3,24,Monday
2022-09-18,2004,10,11,2,18,Saturday
2022-09-19,1988,03,07,3,2,Wednesday
2022-09-20,2016,12,08,4,8,Saturday
2022-09-21,2011,12,14,4,47,Sunday
2022-09-22,2010,03,14,1,46,Saturday
2022-09-23,1987,10,11,2,2,Saturday
2022-09-24,1988,02,04,2,18,Monday
2022-09-25,2019,05,26,4,26,Wednesday
2022-09-26,1972,11,02,4,34,Monday
2022-09-27,2022,06,13,3,8,Sunday
2022-09-28,2006,06,29,4,43,Sunday
2022-09-29,2019,12,17,3,48,Friday
2022-09-30,1976,06,18,2,33,Tuesday
2022-10-01,1979,08,30,2,23,Friday
2022-10-02,1985,01,22,3,37,Thursday
2022-10-03,2014,12,31,2,43,Sunday
2022-10-04,1975,10,28,2,35,Tuesday
2022-10-05,2014,02,29,4,27,Thursday
2022-10-06,1983,02,15,4,34,Wednesday
2022-10-07,1989,10,16,4,21,Sunday
2022-10-08,2023,05,10,1,6,Friday
2022-10-09,1985,02,26,2,8,Friday
2022-10-10,2015,12,14,4,9,Monday
2022-10-11,1992,03,29,3,9,Wednesday
2022-10-12,1971,02,06,4,32,Sunday
2022-10-13,1999,04,23,4,14,Monday
2022-10-14,1990,05,11,4,51,Tuesday
2022-10-15,1979,02,21,2,6,Tuesday
2022-10-16,2002,04,09,2,46,Tuesday
2022-10-17,1999,03,23,3,51,Friday
2022-10-18,2004,05,08,4,17,Wednesday
2022-10-19,2004,06,09,2,46,Sunday
2022-10-20,2004,04,25,1,37,Saturday
2022-10-21,1985,11,01,2,1,Monday
2022-10-22,1992,04,26,4,12,Monday
2022-10-23,1988,09,07,3,36,Tuesday
2022-10-24,1978,08,08,4,31,Monday
2022-10-25,2008,05,17,1,3,Sunday
2022-10-26,2016,07,29,4,32,Thursday
2022-10-27,1993,05,26,4,42,Tuesday
2022-10-28,1997,02,20,2,52,Sunday
2022-10-29,1993,10,24,2,33,Thursday
2022-10-30,2022,01,07,3,35,Tuesday
2022-10-31,2002,10,06,4,13,Tuesday
2022-11-01,2020,09,07,2,27,Monday
2022-11-02,1997,07,22,2,33,Sunday
2022-11-03,1972,03,29,4,26,Wednesday
2022-11-04,2019,04,17,4,37,Wednesday
2022-11-05,2001,07,08,2,6,Monday
2022-11-06,1998,08,31,3,28,Monday
2022-11-07,2012,07,20,3,22,Thursday
2022-11-08,2000,06,11,3,42,Sunday
2022-11-09,2017,04,12,1,48,Sunday
2022-11-10,2021,05,20,3,41,Monday
2022-11-11,1988,02,22,3,35,Sunday
2022-11-12,1991,05,18,2,11,Wednesday
2022-11-13,1983,10,04,3,13,Wednesday
2022-11-14,1979,08,29,1,49,Wednesday
2022-11-15,1996,03,12,2,21,Monday
2022-11-16,1971,03,30,2,28,Sunday
2022-11-17,1993,12,12,3,29,Sunday
2022-11-18,1997,01,08,4,18,Thursday
2022-11-19,1984,05,19,2,37,Thursday
2022-11-20,1977,07,16,4,36,Monday
2022-11-21,1990,07,19,3,13,Sunday
2022-11-22,2007,11,27,3,51,Wednesday
2022-11-23,2020,06,28,4,27,Tuesday
2022-11-24,2017,06,10,3,24,Thursday
2022-11-25,1990,12,09,4,9,Saturday
2022-11-26,2011,09,24,2,30,Wednesday
2022-11-27,1995,01,12,1,24,Tuesday
2022-11-28,2010,10,16,4,32,Sunday
2022-11-29,1985,07,26,2,27,Thursday
2022-11-30,1983,03,23,3,34,Thursday
2022-12-01,1978,09,16,4,47,Tuesday
2022-12-02,2014,11,28,2,49,Sunday
2022-12-03,1975,05,23,2,50,Saturday
2022-12-04,1971,06,29,2,11,Saturday
2022-12-05,2000,05,07,3,21,Thursday
2022-12-06,1994,07,22,4,22,Monday
2022-12-07,2013,08,15,1,18,Tuesday
2022-12-08,1985,06,10,1,46,Tuesday
2022-12-09,2022,10,12,4,33,Tuesday
2022-12-10,1993,04,09,1,12,Monday
2022-12-11,1972,06,24,3,19,Wednesday
2022-12-12,2019,10,24,4,13,Thursday
2022-12-13,1982,09,03,1,8,Sunday
2022-12-14,2002,03,11,4,42,Thursday
2022-12-15,2023,05,14,4,8,Monday
2022-12-16,1989,10,18,2,16,Tuesday
2022-12-17,2000,06,07,4,38,Tuesday
2022-12-18,1993,01,13,1,44,Wednesday
2022-12-19,1998,05,30,4,39,Tuesday
2022-12-20,1980,02,30,1,14,Thursday
2022-12-21,2018,08,10,3,5,Sunday
2022-12-22,1992,02,22,4,50,Monday
2022-12-23,2001,02,26,3,49,Monday
2022-12-24,1975,11,17,3,46,Friday
2022-12-25,2007,08,12,1,7,Wednesday
2022-12-26,1976,12,07,3,17,Tuesday
2022-12-27,1999,09,27,3,17,Thursday
2022-12-28,2005,07,23,2,10,Friday
2022-12-29,1976,08,21,4,28,Monday
2022-12-30,2009,08,22,3,17,Monday
2022-12-31,1984,02,03,1,13,Sunday
2023-01-01,1990,01,23,1,13,Saturday
2023-01-02,1971,05,27,4,44,Thursday
2023-01-03,1995,06,02,1,41,Monday
2023-01-04,2024,02,06,3,36,Sunday
2023-01-05,1985,04,13,2,43,Sunday
2023-01-06,2004,12,14,1,52,Sunday
2023-01-07,1974,06,04,4,43,Wednesday
2023-01-08,1973,12,14,2,44,Tuesday
2023-01-09,1992,12,30,2,7,Monday
2023-01-10,1982,06,10,4,3,Tuesday
2023-01-11,2020,02,21,2,41,Sunday
2023-01-12,2014,03,25,1,4,Friday
2023-01-13,1996,08,19,4,7,Tuesday
2023-01-14,2019,03,25,1,28,Saturday
2023-01-15,1991,07,13,3,45,Sunday
2023-01-16,2007,03,11,1,10,Tuesday
2023-01-17,1998,07,12,2,26,Sunday
2023-01-18,2004,03,14,1,39,Tuesday
2023-01-19,1980,09,04,3,6,Sunday
2023-01-20,2013,01,01,2,30,Monday
2023-01-21,1978,04,14,4,50,Wednesday
2023-01-22,2014,06,14,4,5,Sunday
2023-01-23,2014,09,17,4,44,Friday
2023-01-24,1981,10,18,2,4,Tuesday
2023-01-25,2008,02,20,2,50,Monday
2023-01-26,1973,03,09,3,50,Wednesday
2023-01-27,2005,06,12,2,35,Monday
2023-01-28,1978,07,27,3,9,Sunday
2023-01-29,2023,11,14,4,12,Thursday
2023-01-30,1998,11,09,2,19,Wednesday
2023-01-31,1990,09,01,4,11,Tuesday
2023-02-01,1994,12,30,3,22,Saturday
2023-02-02,1984,02,07,1,8,Wednesday
2023-02-03,1977,11,14,3,43,Friday
2023-02-04,2009,03,17,4,1,Monday
2023-02-05,2012,02,19,4,36,Monday
2023-02-06,2010,02,23,1,39,Tuesday
2023-02-07,1985,10,20,2,33,Tuesday
2023-02-08,1983,02,03,2,16,Saturday
2023-02-09,2008,11,08,1,26,Friday
2023-02-10,1993,05,23,3,30,Wednesday
2023-02-11,2024,02,23,4,24,Friday
2023-02-12,1989,03,06,1,24,Monday
2023-02-13,2021,05,27,1,2,Saturday
2023-02-14,1984,05,29,1,3,Wednesday
2023-02-15,2013,12,09,3,33,Monday
2023-02-16,1983,02,14,3,50,Thursday
2023-02-17,1977,07,11,2,5,Thursday
2023-02-18,2023,01,15,4,13,Monday
2023-02-19,1993,11,26,2,52,Tuesday
2023-02-20,2001,01,23,4,31,Wednesday
2023-02-21,1982,04,21,1,30,Wednesday
2023-02-22,1986,04,13,3,14,Saturday
2023-02-23,2003,10,10,1,41,Tuesday
2023-02-24,1978,10,08,3,5,Friday
2023-02-25,2012,08,14,1,2,Sunday
2023-02-26,1977,08,05,2,18,Saturday
2023-02-27,2006,08,25,3,22,Tuesday
2023-02-28,1988,11,06,3,13,Thursday
2023-03-01,1971,01,17,2,32,Thursday
2023-03-02,1997,08,03,1,27,Sunday
2023-03-03,1996,09,21,1,7,Saturday
2023-03-04,1985,02,30,1,18,Monday
2023-03-05,1991,04,10,1,29,Wednesday
2023-03-06,1974,04,04,3,25,Monday
2023-03-07,1994,05,09,4,7,Wednesday
2023-03-08,1977,05,08,4,42,Friday
2023-03-09,1991,11,28,3,52,Wednesday
2023-03-10,2024,08,15,4,14,Wednesday
2023-03-11,1991,05,05,1,28,Friday
2023-03-12,2021,01,03,2,45,Monday
2023-03-13,1994,12,02,3,25,Monday
2023-03-14,1978,01,31,1,23,Tuesday
2023-03-15,2007,08,14,2,8,Monday
2023-03-16,2012,05,04,2,3,Thursday
2023-03-17,2016,05,30,4,5,Saturday
2023-03-18,2005,03,28,3,41,Saturday
2023-03-19,1985,09,01,1,41,Wednesday
2023-03-20,2012,04,15,4,33,Tuesday
2023-03-21,1986,02,18,3,22,Tuesday
2023-03-22,1988,12,27,2,15,Sunday
2023-03-23,1978,07,18,2,17,Sunday
2023-03-24,1992,01,27,3,23,Thursday
2023-03-25,2001,07,24,4,47,Saturday
2023-03-26,2014,03,04,1,11,Tuesday
2023-03-27,1989,03,30,2,34,Monday
2023-03-28,1973,01,27,1,3,Friday
2023-03-29,2011,09,12,4,14,Wednesday
2023-03-30,1973,04,04,4,27,Wednesday
2023-03-31,1980,05,30,2,39,Monday
2023-04-01,1984,06,14,3,47,Friday
2023-04-02,2013,06,08,3,38,Monday
2023-04-03,1990,07,24,3,20,Saturday
2023-04-04,2010,03,18,3,45,Wednesday
2023-04-05,2019,07,31,4,33,Monday
2023-04-06,1998,05,01,4,13,Friday
2023-04-07,1972,06,16,3,49,Monday
2023-04-08,2019,08,02,1,27,Wednesday
2023-04-09,2000,09,04,1,7,Tuesday
2023-04-10,1985,07,29,1,37,Monday
2023-04-11,1973,07,24,2,23,Tuesday
2023-04-12,1991,01,12,2,21,Tuesday
2023-04-13,1988,12,22,4,50,Tuesday
2023-04-14,2004,02,15,3,14,Wednesday
2023-04-15,2006,10,21,1,17,Sunday
2023-04-16,2004,02,03,4,25,Wednesday
2023-04-17,2022,12,25,3,16,Tuesday
2023-04-18,1994,12,29,1,17,Saturday
2023-04-19,2021,12,07,2,4,Friday
2023-04-20,1990,12,29,2,29,Tuesday
2023-04-21,1976,11,10,1,21,Friday
2023-04-22,2006,08,16,4,21,Saturday
2023-04-23,2004,05,12,3,2,Saturday
2023-04-24,1996,12,22,4,41,Friday
2023-04-25,2008,04,04,2,40,Thursday
2023-04-26,1986,05,06,1,38,Tuesday
2023-04-27,2003,09,14,1,4,Wednesday
2023-04-28,1982,07,15,3,37,Sunday
2023-04-29,2022,07,09,1,28,Monday
2023-04-30,1983,10,13,1,50,Thursday
2023-05-01,2006,11,06,2,35,Saturday
2023-05-02,1987,03,04,4,1,Monday
2023-05-03,1983,08,05,3,21,Saturday
2023-05-04,1972,04,01,1,12,Sunday
2023-05-05,1976,04,15,3,22,Thursday
2023-05-06,1989,09,24,1,24,Thursday
2023-05-07,1977,09,03,4,9,Wednesday
2023-05-08,1977,01,24,4,44,Tuesday
2023-05-09,2007,04,22,1,36,Saturday
2023-05-10,1979,06,21,1,26,Monday
2023-05-11,2005,12,07,4,34,Monday
2023-05-12,1973,04,26,3,30,Tuesday
2023-05-13,1984,10,13,2,47,Sunday
2023-05-14,1998,08,21,1,51,Thursday
2023-05-15,1989,08,30,3,26,Saturday
2023-05-16,1995,06,01,2,47,Saturday
2023-05-17,2008,03,15,3,16,Tuesday
2023-05-18,1971,11,29,4,25,Wednesday
2023-05-19,1985,12,03,1,33,Sunday
2023-05-20,1989,03,15,2,18,Friday
2023-05-21,2003,01,11,3,23,Wednesday
2023-05-22,2012,07,06,1,10,Monday
2023-05-23,1982,05,27,2,35,Friday
2023-05-24,2006,08,02,2,18,Monday
2023-05-25,2014,02,28,4,32,Wednesday
2023-05-26,1994,06,05,3,16,Tuesday
2023-05-27,1982,01,23,3,26,Saturday
2023-05-28,2018,05,08,4,15,Tuesday
2023-05-29,2002,07,24,3,32,Thursday
2023-05-30,1985,09,27,2,23,Sunday
2023-05-31,2016,02,19,3,22,Sunday
2023-06-01,2024,11,28,4,35,Friday
2023-06-02,2017,10,22,2,5,Wednesday
2023-06-03,2003,03,22,3,44,Friday
2023-06-04,1982,02,07,3,28,Monday
2023-06-05,1997,05,18,3,42,Friday
2023-06-06,1979,02,18,2,34,Monday
2023-06-07,1991,08,17,2,46,Wednesday
2023-06-08,2012,02,22,4,9,Sunday
2023-06-09,1977,11,01,4,45,Tuesday
2023-06-10,2017,04,12,3,35,Wednesday
2023-06-11,2016,02,25,1,5,Tuesday
2023-06-12,2020,09,04,2,15,Saturday
2023-06-13,2016,07,22,4,50,Tuesday
2023-06-14,1993,09,08,1,42,Monday
2023-06-15,2017,09,18,2,28,Sunday
2023-06-16,2003,06,08,1,11,Sunday
2023-06-17,1999,03,22,2,16,Saturday
2023-06-18,1972,02,25,3,44,Wednesday
2023-06-19,1973,03,06,1,37,Thursday
2023-06-20,2017,02,12,2,16,Friday
2023-06-21,1974,03,19,1,45,Wednesday
2023-06-22,2007,09,26,2,34,Tuesday
2023-06-23,2020,10,18,1,12,Saturday
2023-06-24,1981,10,01,3,21,Monday
2023-06-25,1991,09,28,4,21,Tuesday
2023-06-26,1980,03,05,3,52,Thursday
2023-06-27,2014,02,17,3,30,Tuesday
2023-06-28,2017,02,26,3,25,Sunday
2023-06-29,2006,10,29,1,11,Saturday
2023-06-30,1982,12,26,4,32,Monday
2023-07-01,1986,01,10,1,47,Wednesday
2023-07-02,2022,07,27,4,21,Friday
2023-07-03,2002,05,02,1,27,Thursday
2023-07-04,2018,09,30,2,10,Wednesday
2023-07-05,1999,03,26,4,28,Friday
2023-07-06,1971,10,07,2,14,Sunday
2023-07-07,1993,06,09,4,49,Sunday
2023-07-08,2012,12,07,2,42,Thursday
2023-07-09,2021,01,01,2,52,Saturday
2023-07-10,2009,04,11,3,20,Saturday
2023-07-11,2006,06,31,1,14,Sunday
2023-07-12,2019,05,13,1,52,Monday
2023-07-13,1994,11,06,4,48,Sunday
2023-07-14,1987,09,27,1,2,Sunday
2023-07-15,1971,01,04,3,10,Friday
2023-07-16,1980,06,31,2,20,Saturday
2023-07-17,2017,05,27,3,37,Sunday
2023-07-18,2014,07,21,3,52,Tuesday
2023-07-19,2014,06,01,2,45,Saturday
2023-07-20,2017,03,04,2,37,Wednesday
2023-07-21,1976,05,16,1,28,Tuesday
2023-07-22,1982,02,27,1,18,Wednesday
2023-07-23,1976,03,29,3,40,Monday
2023-07-24,1972,08,25,1,17,Thursday
2023-07-25,1982,06,19,4,45,Sunday
2023-07-26,2016,04,02,2,4,Wednesday
2023-07-27,2020,09,19,2,15,Tuesday
2023-07-28,1970,07,15,2,34,Wednesday
2023-07-29,1994,05,17,2,29,Saturday
2023-07-30,2019,05,16,4,35,Thursday
2023-07-31,2003,08,30,2,41,Friday
2023-08-01,1992,03,12,2,34,Friday
2023-08-02,2013,01,01,3,46,Thursday
2023-08-03,2007,12,26,2,11,Friday
2023-08-04,1975,08,31,3,27,Tuesday
2023-08-05,1974,10,24,2,10,Monday
2023-08-06,2013,12,12,4,2,Sunday
2023-08-07,2004,04,01,2,13,Saturday
2023-08-08,1998,12,30,3,21,Monday
2023-08-09,2009,04,23,2,1,Thursday
2023-08-10,1977,08,06,2,31,Tuesday
2023-08-11,2013,01,14,4,28,Monday
2023-08-12,1977,11,06,2,46,Monday
2023-08-13,1992,03,13,1,9,Monday
2023-08-14,1988,12,27,2,5,Friday
2023-08-15,1983,05,24,2,28,Sunday
2023-08-16,1970,11,21,1,51,Friday
2023-08-17,1972,01,10,2,25,Thursday
2023-08-18,1983,05,25,1,40,Sunday
2023-08-19,2018,10,23,4,38,Monday
2023-08-20,1988,02,29,3,52,Thursday
2023-08-21,2013,02,17,2,42,Tuesday
2023-08-22,2023,05,26,1,6,Thursday
2023-08-23,2015,07,06,4,3,Friday
2023-08-24,2012,10,12,1,38,Saturday
2023-08-25,1978,03,19,1,18,Tuesday
2023-08-26,2016,05,10,1,42,Tuesday
2023-08-27,2019,09,31,1,19,Tuesday
2023-08-28,2009,12,23,3,26,Wednesday
2023-08-29,1992,06,01,4,24,Thursday
2023-08-30,1979,12,22,1,28,Thursday
2023-08-31,1983,04,17,1,12,Saturday
2023-09-01,1980,11,11,1,8,Friday
2023-09-02,1976,02,12,3,3,Tuesday
2023-09-03,1974,03,25,1,7,Sunday
2023-09-04,2000,08,06,3,28,Saturday
2023-09-05,2012,09,21,3,27,Friday
2023-09-06,1982,06,27,2,17,Saturday
2023-09-07,1997,06,01,3,10,Wednesday
2023-09-08,1991,10,04,3,50,Saturday
2023-09-09,2020,03,31,1,37,Tuesday
2023-09-10,2003,01,04,3,38,Friday
2023-09-11,1998,03,23,1,23,Saturday
2023-09-12,1980,05,11,4,24,Thursday
2023-09-13,1999,03,27,1,5,Sunday
2023-09-14,2011,03,18,2,9,Saturday
2023-09-15,1986,04,21,1,26,Tuesday
2023-09-16,1987,09,14,3,43,Tuesday
2023-09-17,2010,06,17,1,43,Thursday
2023-09-18,2004,09,15,2,38,Sunday
2023-09-19,1973,01,30,3,8,Saturday
2023-09-20,1993,06,25,2,19,Wednesday
2023-09-21,1995,05,13,4,47,Wednesday
2023-09-22,2011,08,13,2,12,Saturday
2023-09-23,1996,12,23,4,9,Monday
2023-09-24,1992,01,08,3,14,Wednesday
2023-09-25,1999,11,01,1,48,Monday
2023-09-26,2022,01,26,2,17,Sunday
2023-09-27,1994,08,31,3,51,Saturday
2023-09-28,1970,03,16,2,2,Sunday
2023-09-29,1971,05,21,1,5,Thursday
2023-09-30,1975,09,08,4,18,Saturday
2023-10-01,1984,06,11,1,33,Wednesday
2023-10-02,1996,11,13,3,14,Thursday
2023-10-03,1988,06,23,3,49,Saturday
2023-10-04,2012,08,06,3,35,Sunday
2023-10-05,1983,07,14,4,48,Wednesday
2023-10-06,1982,12,28,1,12,Saturday
2023-10-07,1973,08,06,3,18,Monday
2023-10-08,1999,06,12,3,33,Monday
2023-10-09,1998,02,01,4,20,Friday
2023-10-10,1974,11,17,1,25,Thursday
2023-10-11,1981,01,22,2,16,Monday
2023-10-12,1971,11,21,2,39,Monday
2023-10-13,1980,03,23,4,5,Saturday
2023-10-14,1984,09,03,4,45,Wednesday
2023-10-15,2004,06,15,2,45,Saturday
2023-10-16,2001,11,27,1,29,Wednesday
2023-10-17,1999,02,06,1,19,Thursday
2023-10-18,1999,03,30,2,42,Friday
2023-10-19,1990,11,27,4,13,Saturday
2023-10-20,1982,11,27,1,20,Wednesday
2023-10-21,2015,06,21,2,21,Tuesday
2023-10-22,2008,01,07,4,4,Saturday
2023-10-23,1996,11,29,2,49,Thursday
2023-10-24,1971,06,03,3,18,Sunday
2023-10-25,2015,06,02,1,37,Sunday
2023-10-26,2005,02,03,2,27,Sunday
2023-10-27,2000,12,26,2,8,Wednesday
2023-10-28,1994,11,18,2,24,Thursday
2023-10-29,2017,10,29,4,41,Wednesday
2023-10-30,1992,04,12,1,9,Wednesday
2023-10-31,2010,07,01,4,9,Sunday
2023-11-01,1979,04,04,1,2,Thursday
2023-11-02,2009,12,05,4,3,Saturday
2023-11-03,2008,11,20,2,15,Tuesday
2023-11-04,1987,03,01,1,36,Sunday
2023-11-05,1975,07,15,2,40,Saturday
2023-11-06,2016,04,17,4,52,Thursday
2023-11-07,2014,09,11,1,34,Friday
2023-11-08,1988,06,14,3,32,Sunday
2023-11-09,1984,04,24,2,14,Friday
2023-11-10,1991,06,22,3,5,Friday
2023-11-11,1972,06,20,2,9,Friday
2023-11-12,2002,07,10,1,8,Tuesday
2023-11-13,1973,01,28,1,43,Thursday
2023-11-14,1985,03,24,1,11,Monday
2023-11-15,1981,08,11,3,28,Monday
2023-11-16,1971,10,01,3,13,Sunday
2023-11-17,1994,02,04,2,31,Sunday
2023-11-18,2023,01,12,2,31,Sunday
2023-11-19,2000,03,08,4,33,Monday
2023-11-20,2006,08,29,2,43,Sunday
2023-11-21,2019,03,17,3,3,Tuesday
2023-11-22,1979,03,26,4,43,Thursday
2023-11-23,1975,07,28,2,29,Sunday
2023-11-24,2005,10,05,3,1,Saturday
2023-11-25,2002,08,16,2,18,Wednesday
2023-11-26,2018,04,28,4,42,Monday
2023-11-27,2001,09,27,2,31,Thursday
2023-11-28,1981,05,27,3,7,Monday
2023-11-29,2019,07,31,3,51,Tuesday
2023-11-30,2011,12,20,4,27,Wednesday
2023-12-01,2019,09,04,1,20,Monday
2023-12-02,2015,05,30,2,5,Sunday
2023-12-03,2024,05,18,3,39,Sunday
2023-12-04,2016,02,01,4,20,Sunday
2023-12-05,2021,05,13,1,22,Sunday
2023-12-06,1976,12,08,3,37,Friday
2023-12-07,1984,04,12,3,5,Thursday
2023-12-08,2015,08,27,4,24,Sunday
2023-12-09,1980,11,20,3,23,Sunday
2023-12-10,1986,04,07,4,3,Wednesday
2023-12-11,1977,05,12,2,25,Friday
2023-12-12,2014,06,17,3,13,Tuesday
2023-12-13,1975,11,19,3,52,Thursday
2023-12-14,1993,04,14,1,22,Saturday
2023-12-15,2016,12,28,2,17,Wednesday
2023-12-16,2020,01,16,1,4,Friday
2023-12-17,2009,10,02,2,18,Friday
2023-12-18,2011,03,08,3,38,Sunday
2023-12-19,1980,02,06,4,26,Thursday
2023-12-20,1993,10,30,2,8,Sunday
2023-12-21,1983,07,07,1,17,Friday
2023-12-22,1998,09,26,1,45,Thursday
2023-12-23,2007,08,03,2,30,Thursday
2023-12-24,1977,10,25,1,17,Wednesday
2023-12-25,1988,11,07,2,48,Thursday
2023-12-26,2001,11,07,4,52,Friday
2023-12-27,1990,12,29,1,52,Sunday
2023-12-28,1975,04,19,4,11,Sunday
2023-12-29,2012,03,31,4,42,Sunday
2023-12-30,1986,02,29,1,8,Thursday
2023-12-31,1986,12,03,2,1,Wednesday
2024-01-01,2021,04,27,4,34,Sunday
2024-01-02,2021,07,12,4,3,Monday
2024-01-03,1994,10,28,1,8,Monday
2024-01-04,2000,03,03,3,25,Tuesday
2024-01-05,2017,04,01,4,52,Wednesday
2024-01-06,2018,06,03,4,26,Friday
2024-01-07,2008,01,15,2,48,Wednesday
2024-01-08,2016,01,09,1,46,Wednesday
2024-01-09,1981,02,26,3,23,Tuesday
2024-01-10,1994,12,05,3,45,Sunday
2024-01-11,2004,04,07,4,16,Wednesday
2024-01-12,2003,10,08,1,41,Saturday
2024-01-13,2023,01,06,1,39,Tuesday
2024-01-14,1988,01,23,3,2,Tuesday
2024-01-15,1987,06,13,1,49,Monday
2024-01-16,1981,03,23,2,39,Thursday
2024-01-17,1989,02,17,1,2,Saturday
2024-01-18,2002,09,26,4,13,Friday
2024-01-19,2010,01,01,2,49,Friday
2024-01-20,1986,07,22,4,29,Thursday
2024-01-21,1993,11,03,4,37,Sunday
2024-01-22,2001,04,07,1,32,Saturday
2024-01-23,1984,09,30,2,16,Tuesday
2024-01-24,2015,11,07,2,11,Saturday
2024-01-25,2011,10,01,2,22,Monday
2024-01-26,1987,08,22,1,22,Sunday
2024-01-27,1998,06,27,1,36,Thursday
2024-01-28,1977,04,10,2,6,Monday
2024-01-29,1992,11,04,3,32,Wednesday
2024-01-30,1976,06,13,1,6,Friday
2024-01-31,1995,09,08,3,1,Monday
2024-02-01,2019,04,25,1,29,Wednesday
2024-02-02,2019,01,17,2,9,Thursday
2024-02-03,1990,12,01,3,28,Wednesday
2024-02-04,2002,09,31,2,52,Friday
2024-02-05,2018,12,31,4,15,Wednesday
2024-02-06,1987,07,05,4,12,Friday
2024-02-07,1985,11,20,3,45,Wednesday
2024-02-08,1987,06,29,2,46,Sunday
2024-02-09,2017,10,18,2,36,Sunday
2024-02-10,1978,04,13,1,31,Saturday
2024-02-11,1989,05,01,4,31,Monday
2024-02-12,2003,11,18,3,5,Thursday
2024-02-13,1975,12,20,1,22,Sunday
2024-02-14,1971,06,27,2,50,Saturday
2024-02-15,2007,01,01,1,39,Tuesday
2024-02-16,2021,05,26,4,38,Sunday
2024-02-17,2012,04,12,4,9,Monday
2024-02-18,2015,04,13,3,41,Tuesday
2024-02-19,2000,06,04,3,1,Sunday
2024-02-20,1971,11,18,3,39,Tuesday
2024-02-21,1994,06,17,4,29,Monday
2024-02-22,2009,07,27,3,3,Wednesday
2024-02-23,1993,01,01,4,20,Sunday
2024-02-24,2007,04,18,1,26,Wednesday
2024-02-25,1995,06,08,1,38,Sunday
2024-02-26,2002,01,26,4,52,Thursday
2024-02-27,1986,02,17,3,36,Wednesday
2024-02-28,2006,09,28,3,36,Wednesday
2024-02-29,2008,11,26,3,22,Friday
2024-03-01,1994,03,05,3,42,Monday
2024-03-02,2002,09,13,2,22,Wednesday
2024-03-03,1983,03,04,4,26,Monday
2024-03-04,1996,04,13,1,38,Wednesday
2024-03-05,1979,03,10,2,9,Sunday
2024-03-06,2004,05,09,4,23,Wednesday
2024-03-07,1982,06,02,1,27,Tuesday
2024-03-08,2012,08,06,3,43,Friday
2024-03-09,2015,03,20,3,2,Saturday
2024-03-10,2019,09,01,4,11,Thursday
2024-03-11,2004,12,25,3,29,Wednesday
2024-03-12,2013,05,08,1,46,Monday
2024-03-13,2009,09,06,2,6,Friday
2024-03-14,1978,08,22,4,26,Thursday
2024-03-15,1992,08,23,4,29,Tuesday
2024-03-16,2022,12,04,3,38,Monday
2024-03-17,2015,10,28,4,26,Friday
2024-03-18,2008,08,25,2,15,Tuesday
2024-03-19,1992,10,21,4,24,Sunday
2024-03-20,1976,08,03,1,8,Saturday
2024-03-21,1974,07,22,3,42,Tuesday
2024-03-22,2010,10,16,4,24,Monday
2024-03-23,2002,06,02,1,29,Monday
2024-03-24,1988,02,21,1,31,Wednesday
2024-03-25,2007,10,15,3,38,Saturday
2024-03-26,1991,08,09,1,21,Tuesday
2024-03-27,2006,02,25,2,16,Saturday
2024-03-28,1986,09,18,3,27,Tuesday
2024-03-29,1974,04,16,4,45,Wednesday
2024-03-30,2010,05,09,1,37,Monday
2024-03-31,1986,06,02,2,25,Thursday
2024-04-01,1970,09,18,1,45,Thursday
2024-04-02,1994,12,19,4,42,Sunday
2024-04-03,2019,11,16,2,38,Saturday
2024-04-04,1971,05,29,3,30,Saturday
2024-04-05,2004,05,09,4,41,Sunday
2024-04-06,2016,09,01,4,41,Tuesday
2024-04-07,1998,09,15,3,49,Friday
2024-04-08,1996,05,23,4,5,Friday
2024-04-09,2000,03,31,2,36,Wednesday
2024-04-10,1996,10,18,2,17,Monday
2024-04-11,2001,09,10,1,8,Tuesday
2024-04-12,2010,04,16,2,8,Thursday
2024-04-13,2021,06,14,2,45,Thursday
2024-04-14,2024,11,15,2,46,Friday
2024-04-15,1997,02,02,4,43,Tuesday
2024-04-16,2016,04,20,4,2,Friday
2024-04-17,1979,02,27,1,31,Thursday
2024-04-18,1993,09,17,2,3,Friday
2024-04-19,2021,08,11,4,24,Monday
2024-04-20,2023,08,05,1,4,Wednesday
2024-04-21,1993,11,23,2,30,Wednesday
2024-04-22,2002,03,30,4,5,Sunday
2024-04-23,2009,07,07,3,2,Saturday
2024-04-24,1988,04,22,2,25,Sunday
2024-04-25,2015,02,20,2,7,Tuesday
2024-04-26,2001,11,07,3,33,Wednesday
2024-04-27,2002,09,24,4,29,Wednesday
2024-04-28,1979,11,16,2,42,Wednesday
2024-04-29,2007,01,20,3,16,Thursday
2024-04-30,2012,01,11,4,19,Sunday
2024-05-01,2016,12,15,3,10,Wednesday
2024-05-02,2008,12,20,1,51,Friday
2024-05-03,2003,11,26,1,30,Monday
2024-05-04,1992,09,15,4,28,Tuesday
2024-05-05,1973,06,24,3,8,Tuesday
2024-05-06,1982,08,09,2,49,Tuesday
2024-05-07,1981,05,27,4,29,Friday
2024-05-08,1974,02,09,4,22,Sunday
2024-05-09,2010,09,01,3,10,Wednesday
2024-05-10,1999,10,11,2,28,Monday
2024-05-11,1974,10,21,4,51,Friday
2024-05-12,1994,02,03,2,41,Monday
2024-05-13,2015,11,27,2,45,Wednesday
2024-05-14,1980,02,01,4,37,Sunday
2024-05-15,2010,02,22,3,28,Saturday
2024-05-16,2023,08,30,3,32,Monday
2024-05-17,2003,05,15,1,2,Tuesday
2024-05-18,2004,05,14,4,12,Friday
2024-05-19,1973,11,03,3,50,Tuesday
2024-05-20,1994,06,04,2,18,Monday
2024-05-21,2006,01,28,1,29,Friday
2024-05-22,2007,09,20,2,26,Friday
2024-05-23,1983,08,13,1,36,Friday
2024-05-24,2023,12,25,1,48,Saturday
2024-05-25,1995,08,27,4,37,Saturday
2024-05-26,1973,01,17,1,7,Sunday
2024-05-27,1999,06,28,2,37,Friday
2024-05-28,2002,08,30,1,43,Sunday
2024-05-29,2007,02,06,2,36,Sunday
2024-05-30,1973,10,13,1,12,Tuesday
2024-05-31,2017,01,20,2,28,Friday
2024-06-01,2016,05,25,2,10,Friday
2024-06-02,2005,01,18,3,34,Thursday
2024-06-03,1988,05,09,4,23,Sunday
2024-06-04,1974,11,17,2,24,Thursday
2024-06-05,1988,08,24,4,34,Monday
2024-06-06,2013,04,23,4,2,Thursday
2024-06-07,2006,04,16,1,40,Tuesday
2024-06-08,1988,07,01,2,24,Wednesday
2024-06-09,1996,11,15,2,24,Saturday
2024-06-10,2003,03,14,4,44,Wednesday
2024-06-11,2023,06,09,3,14,Monday
2024-06-12,2001,12,14,3,49,Thursday
2024-06-13,2008,12,21,3,35,Saturday
2024-06-14,2009,10,26,3,41,Sunday
2024-06-15,1979,07,15,3,48,Thursday
2024-06-16,1990,10,19,4,48,Monday
2024-06-17,2015,10,18,3,40,Saturday
2024-06-18,1978,05,22,3,14,Thursday
2024-06-19,1971,05,18,3,38,Monday
2024-06-20,2001,05,31,3,17,Thursday
2024-06-21,2011,10,26,2,7,Wednesday
2024-06-22,1997,09,17,1,25,Tuesday
2024-06-23,1997,03,08,1,19,Saturday
2024-06-24,2012,06,09,4,18,Monday
2024-06-25,1991,01,20,3,1,Friday
2024-06-26,2015,10,05,3,15,Friday
2024-06-27,1970,09,22,1,27,Sunday
2024-06-28,1977,08,31,3,40,Friday
2024-06-29,2015,11,23,1,33,Monday
2024-06-30,1990,01,14,1,5,Tuesday
2024-07-01,1998,09,16,1,11,Saturday
2024-07-02,2011,08,19,1,25,Saturday
2024-07-03,1981,10,19,4,49,Wednesday
2024-07-04,1977,06,27,3,39,Monday
2024-07-05,1974,04,11,2,45,Friday
2024-07-06,2003,07,29,3,29,Tuesday
2024-07-07,2018,08,27,3,19,Monday
2024-07-08,2007,12,21,3,20,Sunday
2024-07-09,1993,06,26,1,38,Sunday
2024-07-10,1983,09,28,3,23,Tuesday
2024-07-11,2000,02,26,3,44,Monday
2024-07-12,2004,08,17,2,23,Monday
2024-07-13,1970,07,13,4,26,Thursday
2024-07-14,2018,01,28,1,12,Friday
2024-07-15,1993,09,03,4,30,Monday
2024-07-16,1994,05,21,2,20,Saturday
2024-07-17,1992,10,23,2,10,Friday
2024-07-18,1990,02,10,4,18,Wednesday
2024-07-19,1980,05,20,4,33,Monday
2024-07-20,1981,06,09,2,36,Sunday
2024-07-21,1987,05,11,3,27,Friday
2024-07-22,1977,08,01,2,42,Saturday
2024-07-23,1973,12,25,3,9,Thursday
2024-07-24,1983,07,25,2,41,Friday
2024-07-25,1976,10,03,1,34,Friday
2024-07-26,1997,04,12,3,12,Thursday
2024-07-27,1970,07,20,1,20,Monday
2024-07-28,1996,03,13,2,39,Wednesday
2024-07-29,1991,11,22,1,34,Friday
2024-07-30,2011,06,17,3,6,Thursday
2024-07-31,1972,05,15,4,21,Monday
2024-08-01,1977,01,10,3,40,Saturday
2024-08-02,1970,03,29,1,26,Monday
2024-08-03,2008,07,06,4,1,Friday
2024-08-04,2018,02,09,1,5,Wednesday
2024-08-05,1972,03,10,2,15,Monday
2024-08-06,1972,01,21,1,22,Tuesday
2024-08-07,1985,06,30,2,31,Sunday
2024-08-08,1996,11,30,4,37,Monday
2024-08-09,1995,08,19,3,5,Saturday
2024-08-10,2002,03,21,2,24,Tuesday
2024-08-11,1979,05,14,1,39,Sunday
2024-08-12,1993,03,14,4,37,Thursday
2024-08-13,1974,04,10,2,18,Friday
2024-08-14,1981,01,02,3,3,Sunday
2024-08-15,2021,02,18,3,36,Wednesday
2024-08-16,2011,07,28,3,13,Sunday
2024-08-17,1976,08,22,4,23,Saturday
2024-08-18,2011,10,11,1,2,Monday
2024-08-19,1977,10,21,4,41,Wednesday
2024-08-20,2005,09,31,2,21,Friday
2024-08-21,1978,02,22,1,37,Thursday
2024-08-22,1991,10,25,1,40,Tuesday
2024-08-23,2013,10,21,4,13,Sunday
2024-08-24,2005,09,05,3,28,Saturday
2024-08-25,1972,12,03,3,14,Saturday
2024-08-26,2019,03,15,2,19,Sunday
2024-08-27,1985,09,19,2,3,Thursday
2024-08-28,1984,10,21,3,45,Friday
2024-08-29,2015,12,29,3,23,Saturday
2024-08-30,2015,08,01,2,1,Tuesday
2024-08-31,2004,03,12,4,25,Friday
2024-09-01,2023,09,11,3,1,Sunday
2024-09-02,2005,12,28,1,27,Monday
2024-09-03,1987,05,04,1,15,Sunday
2024-09-04,2006,07,10,1,34,Thursday
2024-09-05,1988,04,30,2,38,Saturday
2024-09-06,1973,08,31,4,28,Tuesday
2024-09-07,1972,04,28,4,3,Saturday
2024-09-08,1978,03,25,4,42,Saturday
2024-09-09,1997,02,22,3,45,Tuesday
2024-09-10,2004,12,21,1,33,Sunday
2024-09-11,2014,11,30,1,24,Thursday
2024-09-12,1970,02,14,3,46,Sunday
2024-09-13,2016,11,10,2,45,Friday
2024-09-14,2017,09,15,4,17,Tuesday
2024-09-15,2023,07,23,4,15,Tuesday
2024-09-16,1989,08,26,1,32,Tuesday
2024-09-17,1993,05,24,3,32,Thursday
2024-09-18,2015,08,10,2,35,Sunday
2024-09-19,2001,03,12,3,14,Sunday
2024-09-20,1985,01,06,4,37,Monday
2024-09-21,1989,07,03,3,43,Wednesday
2024-09-22,1998,12,19,4,42,Tuesday
2024-09-23,1997,12,06,4,28,Wednesday
2024-09-24,2023,07,20,4,2,Monday
2024-09-25,2013,02,20,1,22,Tuesday
2024-09-26,2016,08,10,2,51,Sunday
2024-09-27,1996,12,08,3,25,Friday
2024-09-28,1997,08,20,4,46,Tuesday
2024-09-29,1989,04,17,2,46,Saturday
2024-09-30,2022,09,19,2,4,Monday
2024-10-01,1974,02,30,3,24,Thursday
2024-10-02,1978,06,02,2,35,Thursday
2024-10-03,1976,02,09,2,15,Thursday
2024-10-04,1974,05,02,1,8,Friday
2024-10-05,1989,07,14,3,47,Wednesday
2024-10-06,1994,08,30,3,45,Thursday
2024-10-07,1989,09,18,2,20,Thursday
2024-10-08,1996,07,08,3,43,Thursday
2024-10-09,2014,05,24,1,48,Monday
2024-10-10,2019,09,06,2,37,Saturday
2024-10-11,1984,05,24,3,21,Thursday
2024-10-12,1989,02,30,4,43,Saturday
2024-10-13,1995,07,30,2,2,Tuesday
2024-10-14,2015,10,15,2,33,Saturday
2024-10-15,1979,06,02,3,41,Friday
2024-10-16,2005,12,07,2,31,Sunday
2024-10-17,2021,04,19,1,14,Thursday
2024-10-18,2020,08,12,2,17,Saturday
2024-10-19,2019,01,28,3,14,Saturday
2024-10-20,1988,09,01,1,6,Monday
2024-10-21,1986,11,17,2,47,Saturday
2024-10-22,1994,11,08,1,25,Friday
2024-10-23,1982,06,16,1,47,Friday
2024-10-24,1998,05,05,3,43,Saturday
2024-10-25,2016,07,15,1,28,Friday
2024-10-26,1993,06,13,4,21,Wednesday
2024-10-27,2006,01,12,1,34,Thursday
2024-10-28,1993,04,19,1,13,Friday
2024-10-29,2022,08,27,1,11,Friday
2024-10-30,2008,02,20,3,26,Wednesday
2024-10-31,1971,02,28,1,37,Wednesday
2024-11-01,2005,07,27,2,30,Saturday
2024-11-02,2012,08,05,1,27,Tuesday
2024-11-03,2002,06,23,2,12,Saturday
2024-11-04,1973,09,25,3,14,Friday
2024-11-05,1970,11,06,4,51,Wednesday
2024-11-06,1990,07,12,4,6,Saturday
2024-11-07,2024,06,05,4,47,Friday
2024-11-08,1991,09,25,1,18,Thursday
2024-11-09,2002,05,22,1,52,Wednesday
2024-11-10,1986,09,14,3,28,Thursday
2024-11-11,1970,12,24,3,46,Sunday
2024-11-12,1991,09,29,2,38,Saturday
2024-11-13,2000,05,20,1,19,Friday
2024-11-14,1996,02,11,1,20,Wednesday
2024-11-15,1973,09,03,2,14,Friday
2024-11-16,1997,08,13,4,2,Sunday
2024-11-17,2012,10,11,4,32,Sunday
2024-11-18,1985,10,19,2,50,Thursday
2024-11-19,2004,06,06,1,34,Saturday
2024-11-20,1979,11,27,3,28,Wednesday
2024-11-21,1988,02,05,4,10,Friday
2024-11-22,1988,02,27,2,35,Wednesday
2024-11-23,2009,09,06,2,15,Friday
2024-11-24,1971,08,17,1,19,Friday
2024-11-25,2003,04,20,1,15,Saturday
2024-11-26,1999,04,07,3,44,Wednesday
2024-11-27,1972,06,12,1,50,Wednesday
2024-11-28,2014,03,03,3,38,Thursday
2024-11-29,1975,04,23,4,41,Monday
2024-11-30,1983,03,01,3,42,Thursday
2024-12-01,1998,06,17,1,31,Sunday
2024-12-02,1982,06,05,1,31,Tuesday
2024-12-03,1973,03,04,1,28,Monday
2024-12-04,1970,06,27,1,2,Tuesday
2024-12-05,1994,09,06,1,29,Friday
2024-12-06,2008,03,01,3,13,Tuesday
2024-12-07,1988,01,07,3,48,Thursday
2024-12-08,2020,08,31,1,2,Saturday
2024-12-09,2000,07,11,2,13,Thursday
2024-12-10,1972,10,17,3,20,Monday
2024-12-11,1973,10,10,3,37,Monday
2024-12-12,2021,06,08,4,23,Monday
2024-12-13,1994,01,15,2,9,Monday
2024-12-14,2003,07,03,1,21,Wednesday
2024-12-15,1972,11,17,3,7,Tuesday
2024-12-16,1971,01,02,4,17,Friday
2024-12-17,2021,04,31,4,41,Monday
2024-12-18,2021,01,04,3,23,Tuesday
2024-12-19,1972,03,16,3,48,Wednesday
2024-12-20,2006,08,20,1,39,Wednesday
2024-12-21,1974,11,13,2,31,Friday
2024-12-22,1976,06,16,4,3,Monday
2024-12-23,1998,09,08,3,51,Friday
2024-12-24,1996,03,04,4,4,Thursday
2024-12-25,1983,08,25,2,14,Monday
2024-12-26,1972,02,11,2,31,Friday
2024-12-27,1995,06,04,4,32,Saturday
2024-12-28,1984,02,06,4,21,Friday
2024-12-29,2001,11,10,3,48,Saturday
2024-12-30,2016,08,13,3,30,Saturday
2024-12-31,1986,04,19,1,43,Thursday
2025-01-01,1985,07,24,3,41,Tuesday
2025-01-02,2009,08,23,2,46,Friday
2025-01-03,2005,09,08,4,38,Saturday
2025-01-04,2008,08,11,2,36,Friday
2025-01-05,2017,12,19,1,26,Tuesday
2025-01-06,2016,07,11,4,21,Friday
2025-01-07,2011,09,27,3,28,Tuesday
2025-01-08,1979,08,07,2,27,Sunday
2025-01-09,2015,09,11,4,34,Sunday
2025-01-10,1990,12,10,2,7,Saturday
2025-01-11,1982,06,07,3,45,Monday
2025-01-12,2016,12,15,1,5,Sunday
2025-01-13,1980,03,30,2,17,Thursday
2025-01-14,1996,07,08,4,40,Tuesday
2025-01-15,2005,01,22,3,3,Wednesday
2025-01-16,1981,10,14,1,28,Friday
2025-01-17,1976,10,23,4,24,Tuesday
2025-01-18,2019,10,16,1,37,Monday
2025-01-19,2019,04,18,3,17,Monday
2025-01-20,2016,04,22,1,19,Monday
2025-01-21,2023,11,22,4,43,Thursday
2025-01-22,1999,10,31,4,48,Saturday
2025-01-23,2021,03,27,3,44,Friday
2025-01-24,2019,05,31,1,23,Friday
2025-01-25,2007,02,19,1,42,Monday
2025-01-26,1992,07,19,1,40,Wednesday
2025-01-27,1971,12,22,3,13,Wednesday
2025-01-28,2015,05,10,4,18,Wednesday
2025-01-29,2004,03,28,1,20,Wednesday
2025-01-30,2000,01,09,3,39,Thursday
2025-01-31,1972,04,02,4,32,Wednesday
2025-02-01,1980,04,21,3,44,Wednesday
2025-02-02,1986,05,15,2,43,Saturday
2025-02-03,1977,06,11,4,51,Tuesday
2025-02-04,2011,02,07,3,9,Sunday
2025-02-05,1988,04,23,3,14,Wednesday
2025-02-06,2012,08,23,1,21,Tuesday
2025-02-07,2018,01,30,2,5,Sunday
2025-02-08,1992,02,27,1,41,Sunday
2025-02-09,1978,09,21,4,9,Friday
2025-02-10,2019,05,27,3,44,Monday
2025-02-11,1992,12,05,3,40,Friday
2025-02-12,1994,07,14,3,5,Monday
2025-02-13,2016,07,14,3,25,Thursday
2025-02-14,2006,02,12,2,7,Friday
2025-02-15,1981,12,23,1,21,Wednesday
2025-02-16,1971,01,15,2,29,Thursday
2025-02-17,1978,09,15,4,9,Sunday
2025-02-18,2007,03,14,4,24,Friday
2025-02-19,1984,10,29,4,19,Friday
2025-02-20,2020,08,14,4,39,Saturday
2025-02-21,2008,04,06,3,45,Monday
2025-02-22,2017,08,07,4,4,Thursday
2025-02-23,2015,12,27,4,42,Sunday
2025-02-24,1994,10,19,1,15,Tuesday
2025-02-25,1998,03,12,2,33,Wednesday
2025-02-26,1971,12,28,1,6,Thursday
2025-02-27,1997,05,14,2,38,Sunday
2025-02-28,1975,09,29,4,50,Friday
2025-03-01,2017,04,23,3,41,Tuesday
2025-03-02,1973,01,19,2,9,Saturday
2025-03-03,1989,08,24,4,7,Friday
2025-03-04,1998,03,25,2,2,Thursday
2025-03-05,2012,04,05,1,28,Thursday
2025-03-06,2023,09,02,4,21,Friday
2025-03-07,1974,05,25,3,6,Tuesday
2025-03-08,1998,03,13,3,15,Thursday
2025-03-09,2008,09,11,2,10,Saturday
2025-03-10,1979,09,16,2,47,Tuesday
2025-03-11,1994,01,14,1,18,Friday
2025-03-12,2000,11,21,1,20,Sunday
2025-03-13,1974,05,22,1,48,Tuesday
2025-03-14,1989,07,10,3,32,Monday
2025-03-15,1997,05,31,1,17,Monday
2025-03-16,1998,06,20,4,30,Wednesday
2025-03-17,1989,05,10,3,13,Saturday
2025-03-18,1985,04,06,1,1,Monday
2025-03-19,1989,01,16,3,36,Saturday
2025-03-20,1996,02,10,2,23,Friday
2025-03-21,2008,05,25,2,9,Monday
2025-03-22,2015,04,30,1,24,Monday
2025-03-23,2001,08,19,1,24,Sunday
2025-03-24,2009,02,19,1,21,Wednesday
2025-03-25,1987,04,31,2,35,Friday
2025-03-26,2008,11,13,3,31,Monday
2025-03-27,1975,09,29,2,52,Thursday
2025-03-28,1970,01,05,1,37,Monday
2025-03-29,1986,11,23,1,41,Tuesday
2025-03-30,1974,01,07,1,47,Sunday
2025-03-31,2017,03,22,1,29,Saturday
2025-04-01,1995,02,15,4,39,Saturday
2025-04-02,1976,02,02,2,33,Friday
2025-04-03,1972,09,13,1,29,Sunday
2025-04-04,2021,09,02,4,1,Wednesday
2025-04-05,2015,04,06,3,16,Friday
2025-04-06,1985,12,20,4,31,Monday
2025-04-07,2016,12,01,2,4,Wednesday
2025-04-08,1973,12,12,2,3,Monday
2025-04-09,1993,07,26,3,15,Tuesday
2025-04-10,1991,04,04,2,28,Wednesday
2025-04-11,2019,06,24,4,26,Saturday
2025-04-12,1990,07,08,3,50,Thursday
2025-04-13,2017,08,15,2,31,Friday
2025-04-14,1982,12,31,4,51,Wednesday
2025-04-15,2009,01,06,1,12,Wednesday
2025-04-16,2017,03,10,4,38,Wednesday
2025-04-17,1991,01,24,1,52,Wednesday
2025-04-18,2021,07,17,2,41,Thursday
2025-04-19,2012,06,20,2,40,Thursday
2025-04-20,1979,08,12,1,40,Saturday
2025-04-21,1978,02,14,1,18,Sunday
2025-04-22,2022,06,20,2,16,Wednesday
2025-04-23,1997,04,24,2,4,Tuesday
2025-04-24,2021,11,30,3,14,Friday
2025-04-25,2008,11,13,1,27,Thursday
2025-04-26,1971,05,15,4,25,Wednesday
2025-04-27,2002,08,03,3,17,Saturday
2025-04-28,1988,04,17,3,36,Tuesday
2025-04-29,1992,05,14,1,5,Tuesday
2025-04-30,2003,02,02,3,39,Thursday
2025-05-01,1993,06,26,1,32,Wednesday
2025-05-02,1974,03,26,1,36,Wednesday
2025-05-03,1999,04,26,1,22,Friday
2025-05-04,2022,11,14,2,30,Tuesday
2025-05-05,1994,05,15,4,32,Wednesday
2025-05-06,1984,09,30,2,9,Thursday
2025-05-07,1982,06,26,2,37,Saturday
2025-05-08,1994,08,22,1,49,Wednesday
2025-05-09,2014,08,17,3,8,Monday
2025-05-10,1992,12,14,4,29,Thursday
2025-05-11,1996,08,07,3,29,Thursday
2025-05-12,1995,12,05,2,6,Friday
2025-05-13,1981,12,20,2,2,Monday
2025-05-14,1971,09,10,3,2,Wednesday
2025-05-15,2018,08,14,3,14,Thursday
2025-05-16,2007,04,04,4,14,Friday
2025-05-17,1999,12,24,3,4,Wednesday
2025-05-18,2001,07,25,2,8,Saturday
2025-05-19,2009,04,09,1,15,Sunday
2025-05-20,1979,07,08,3,8,Sunday
2025-05-21,1997,01,28,3,29,Tuesday
2025-05-22,2006,04,30,1,28,Tuesday
2025-05-23,1980,06,16,4,10,Saturday
2025-05-24,1977,08,30,2,8,Friday
2025-05-25,1978,11,15,3,16,Wednesday
2025-05-26,1998,05,16,4,6,Monday
2025-05-27,1972,08,06,3,42,Sunday
2025-05-28,1975,07,07,3,15,Thursday
2025-05-29,1993,09,21,1,31,Monday
2025-05-30,2011,03,22,1,33,Monday
2025-05-31,1976,10,18,3,3,Wednesday
2025-06-01,1971,05,18,4,13,Tuesday
2025-06-02,1996,02,13,3,14,Tuesday
2025-06-03,2001,01,25,2,31,Sunday
2025-06-04,2024,10,05,4,6,Tuesday
2025-06-05,2022,11,14,1,30,Monday
2025-06-06,2009,03,26,2,15,Wednesday
2025-06-07,1993,10,26,1,14,Friday
2025-06-08,1992,01,03,2,38,Thursday
2025-06-09,1994,10,03,4,47,Sunday
2025-06-10,2013,06,20,1,23,Thursday
2025-06-11,1972,01,14,1,29,Sunday
2025-06-12,2012,04,27,2,49,Saturday
2025-06-13,1975,08,25,1,16,Friday
2025-06-14,2018,02,08,3,45,Thursday
2025-06-15,1999,09,10,4,8,Tuesday
2025-06-16,1975,07,10,4,9,Wednesday
2025-06-17,2003,03,31,2,30,Thursday
2025-06-18,2011,03,26,2,6,Monday
2025-06-19,2020,12,23,2,6,Sunday
2025-06-20,2023,02,14,1,20,Thursday
2025-06-21,1997,03,18,3,35,Sunday
2025-06-22,2003,12,15,3,31,Wednesday
